"OUTLET_LEV12","HYBAS_ID_LEV05","NEXT_DOWN","UP_AREA_OUTLET","SUB_AREA_OUTLET","N_LEV12","DIST_SINK","DIST_MAIN","ENDO","COAST","ORDER","SORT","PFAF_ID","MAIN_BAS","NEXT_SINK","N_UPSTREAM","UPSTREAM_FRACTION","MAX_UP_AREA","IS_MAX_UP_AREA","OUTLET_LONGITUDE","OUTLET_LATITUDE"
"1120000150","1050000010","0",4217.4,59.7,346,0,0,0,0,1,42,111014011100,1120000150,1120000150,32,0.092485549132948,4217.4,TRUE,32.594656531981,29.08327485
"1120001370","1050001370","0",11678.5,212.9,85,0,0,0,0,1,347,111020101000,1120001370,1120001370,85,1,11678.5,TRUE,35.4783217509915,23.0593114
"1120001430","1050001380","0",2268.4,28.9,45,0,0,0,0,1,447,111030041000,1120001430,1120001430,18,0.4,2268.4,TRUE,35.764666932913,22.83125
"1120001510","1050001510","0",42400.1,163.1,325,0,0,0,0,1,477,111041100100,1120001510,1120001510,325,1,42400.1,TRUE,36.0184692062342,22.56666665
"1120001960","1050001520","0",1713.8,160.3,134,0,0,0,0,1,873,111050601100,1120001960,1120001960,12,0.0895522388059701,1713.8,TRUE,36.931057881439,21.11875
"1120002290","1050002290","0",4583.9,95.3,34,0,0,0,0,1,936,111060010100,1120002290,1120002290,34,1,4583.9,TRUE,37.1798726176896,19.8500368
"1120002690","1050002300","0",2345.7,10.9,105,0,0,0,0,1,1047,111070801100,1120002690,1120002690,22,0.20952380952381,2345.7,TRUE,37.577921711278,18.6963172
"1120002760","1050002760","0",63986.6,124.4,507,0,0,0,0,1,1075,111081011000,1120002760,1120002760,507,1,63986.6,TRUE,37.8083401768992,18.5208584
"1120003770","1050002770","0",2863,42.6,286,0,0,0,0,1,1814,111098010010,1120003770,1120003770,23,0.0804195804195804,2863,TRUE,39.6479152556155,15.2623957
"1120005140","1050003990","0",4071.9,123.2,514,0,0,0,0,1,2120,112112010100,1120005140,1120005140,30,0.0583657587548638,4071.9,TRUE,43.5395832817828,11.03541665
"1120005720","1050005720","0",5340.3,53.9,45,0,0,0,0,1,2373,112120010000,1120005720,1120005720,45,1,5340.3,TRUE,45.4398442925831,10.62268235
"1120005780","1050005730","0",825.9,105.7,24,0,0,0,0,1,2423,112130041000,1120005780,1120005780,5,0.208333333333333,825.9,TRUE,45.65196105136,10.70055115
"1120005860","1050005860","0",4796.9,144.5,42,0,0,0,0,1,2442,112140011000,1120005860,1120005860,42,1,4796.9,TRUE,46.2179297200223,10.69985825
"1120005870","1050005870","0",477.4,477.4,1,0,0,0,1,0,2484,1.1215e+11,1120005870,1120005870,1,1,477.4,TRUE,46.4281490797581,10.6718175
"1120005880","1050005880","0",4169.7,153.4,29,0,0,0,0,1,2485,112160010000,1120005880,1120005880,29,1,4169.7,TRUE,46.6538862039645,10.6697342
"1120006360","1050005890","0",1796.2,7.7,122,0,0,0,0,1,2587,112170401000,1120006360,1120006360,16,0.131147540983607,1796.2,TRUE,49.0416514924043,11.24704555
"1120006520","1050006520","0",4780.8,14.1,35,0,0,0,0,1,2636,112180010000,1120006520,1120006520,35,1,4780.8,TRUE,49.9404144202136,11.4787947
"1120006740","1050006530","0",3929.1,21.8,89,0,0,0,0,1,2711,112190610100,1120006740,1120006740,33,0.370786516853933,3929.1,TRUE,51.0898154945054,11.0082628
"1120006850","1050006850","0",28619.4,110.9,227,0,0,0,0,1,2760,112200100100,1120006850,1120006850,227,1,28619.4,TRUE,50.8896532986197,10.45498825
"1120006970","1050006860","0",4315.1,14.1,50,0,0,0,0,1,3004,112300081100,1120006970,1120006970,31,0.62,4315.1,TRUE,50.7911037343204,9.62186865
"1120007040","1050007010","0",298,147.7,6,0,0,0,0,1,3125,112500000410,1120007040,1120007040,2,0.333333333333333,298,TRUE,50.4793731199074,9.09277195
"1120007060","1050007060","0",6516.2,221.5,44,0,0,0,0,1,3128,112600010000,1120007060,1120007060,44,1,6516.2,TRUE,50.3672083865279,8.96719445
"1120007220","1050007070","0",2050.9,212.1,56,0,0,0,0,1,3212,112700081000,1120007220,1120007220,13,0.232142857142857,2050.9,TRUE,49.9832876710151,8.19166665
"1120007260","1050007260","0",64696.7,172.9,529,0,0,0,0,1,3228,112801010100,1120007260,1120007260,529,1,64696.7,TRUE,49.7935972265512,8.02843475
"1120007450","1050007270","0",4430.5,93.7,245,0,0,0,0,1,3833,112908010100,1120007450,1120007450,32,0.130612244897959,4430.5,TRUE,49.2229954695035,6.87916665
"1120008100","1050008100","0",745374.3,3.1,13,0,0,0,0,1,3992,114100001000,1120008100,1120008100,13,1,745374.3,TRUE,42.61057255,-0.24003795
"1121144990","1051144990","1121145330",513314,22.1,5,29.6,29.6,0,0,1,4003,114300000100,1120008100,1120008100,5,1,513314,TRUE,42.587965582295,-0.02637
"1121145090","1051145090","1121145330",230634.3,115.7,114,29.6,29.6,0,0,2,4004,114210101000,1120008100,1120008100,114,1,230634.3,TRUE,42.5169696330827,-0.03921
"1121139500","1051139500","1122082170",298252.8,122.9,183,74.1,74.1,0,0,1,4020,114500101100,1120008100,1120008100,183,1,298252.8,TRUE,42.8353381501697,0.21335755
"1121139430","1051139430","1122082170",214441.4,135.6,370,74.1,74.1,0,0,2,4021,114411100000,1120008100,1120008100,370,1,214441.4,TRUE,42.7189155990548,0.24536355
"1121131830","1051131830","1121132210",123925.1,132.7,952,150.4,150.4,0,0,3,4095,114221001000,1120008100,1120008100,952,1,123925.1,TRUE,42.0468749647926,0.5958333
"1121131990","1051131990","1121132210",92274.6,109.7,15,150.6,150.6,0,0,2,4096,114230001000,1120008100,1120008100,15,1,92274.6,TRUE,42.0021758777626,0.5523363
"1121132520","1051132520","1121132070",81552.5,128.8,31,278.1,278.1,0,0,2,4346,114250011000,1120008100,1120008100,31,1,81552.5,TRUE,41.0126002766944,0.4472614
"1121132340","1051132340","1121132070",8576.7,7.8,67,278.1,278.1,0,0,3,4347,114240011000,1120008100,1120008100,67,1,8576.7,TRUE,41.0746779582113,0.52042
"1121115400","1051115400","1121116580",221362.6,50.8,246,301.1,301.1,0,0,1,4409,114701010100,1120008100,1120008100,246,1,221362.6,TRUE,43.7797663928159,1.2269942
"1121115240","1051115240","1121116580",52927.1,121.2,402,301.3,301.3,0,0,2,4410,114601010100,1120008100,1120008100,402,1,52927.1,TRUE,43.7428004960515,1.2909559
"1121137860","1051137860","1122081110",71878.4,19.2,104,399.6,399.6,0,0,2,4697,114270101000,1120008100,1120008100,104,1,71878.4,TRUE,40.204386397155,0.2625
"1121137960","1051137960","1122081110",5838,0.8,45,399.6,399.6,0,0,3,4698,114260010010,1120008100,1120008100,45,1,5838,TRUE,40.21666665,0.23958335
"1121118600","1051118600","1121119150",22824,169.6,183,558.5,558.5,0,0,2,5340,114290111000,1120008100,1120008100,183,1,22824,TRUE,39.2687500097454,1.10208335
"1121118440","1051118440","1121119150",36189.8,130,289,558.5,558.5,0,0,3,5341,114281001100,1120008100,1120008100,289,1,36189.8,TRUE,39.2468606267301,1.18447455
"1121046600","1051046600","1121048480",153450,157.2,83,771.2,771.2,0,0,2,6259,114430100000,1120008100,1120008100,83,1,153450,TRUE,42.4875688065011,3.881235
"1121046480","1051046480","1121048480",14454.6,49.5,122,771.4,771.4,0,0,3,6260,114420101000,1120008100,1120008100,122,1,14454.6,TRUE,42.5750002805808,3.94168555
"1121038680","1051038680","1121039440",82600.3,33,5,863.3,863.3,0,0,2,6695,114450000100,1120008100,1120008100,5,1,82600.3,TRUE,42.0707392091118,4.2017061
"1121038740","1051038740","1121039440",60316.3,117.5,461,863.3,863.3,0,0,3,6696,114441001100,1120008100,1120008100,461,1,60316.3,TRUE,42.0063123129698,4.1237715
"1121035420","1051035420","1121037840",57337,164.4,183,882.1,882.1,0,0,2,6767,114470110000,1120008100,1120008100,183,1,57337,TRUE,41.9748146982041,4.3208333
"1121035300","1051035300","1121037840",24861,5.9,199,882.1,882.1,0,0,3,6768,114460101100,1120008100,1120008100,199,1,24861,TRUE,42.0392505201284,4.30582465
"1121014470","1051014470","1121014840",45572.2,14.6,350,974,974,0,0,2,7147,114801010100,1120008100,1120008100,350,1,45572.2,TRUE,44.9778206809598,5.0527778
"1121014460","1051014460","1121014840",144786,120.3,168,974.1,974.1,0,0,1,7148,114910101000,1120008100,1120008100,168,1,144786,TRUE,44.9110793403126,5.06985525
"1120992050","1050992050","1122028340",19189.2,78.7,149,1162,1162,0,0,2,7775,114490101100,1120008100,1120008100,149,1,19189.2,TRUE,40.8955946756341,5.68639475
"1120991900","1050991900","1122028340",15084.6,18.2,119,1162.2,1162.2,0,0,3,7776,114480101000,1120008100,1120008100,119,1,15084.6,TRUE,40.928272249846,5.71214545
"1120982500","1050982500","1120982290",112519.9,153.1,265,1227.4,1227.4,0,0,1,7989,114931000100,1120008100,1120008100,265,1,112519.9,TRUE,43.2062458973777,5.9191373
"1120982060","1050982060","1120982290",11241.6,12.8,80,1227.4,1227.4,0,0,2,7990,114920100000,1120008100,1120008100,80,1,11241.6,TRUE,43.3301715050021,5.98309915
"1120929730","1050929730","1120930960",63469.5,68.1,60,1522.2,1522.2,0,0,1,9031,114950010000,1120008100,1120008100,60,1,63469.5,TRUE,42.2096001346154,7.32834505
"1120929860","1050929860","1120930960",15233.4,104.9,114,1522.2,1522.2,0,0,2,9032,114940101000,1120008100,1120008100,114,1,15233.4,TRUE,42.2898095282046,7.3264467
"1120918220","1050918220","1122001450",41094.5,92.3,26,1573.5,1573.5,0,0,1,9141,114970010000,1120008100,1120008100,26,1,41094.5,TRUE,41.9979218081047,7.5288109
"1120918230","1050918230","1122001450",14845.7,140.1,112,1573.5,1573.5,0,0,2,9142,114960100100,1120008100,1120008100,112,1,14845.7,TRUE,42.0615592831516,7.6251709
"1120901700","1050901700","1120903250",27292.3,142,210,1681.7,1681.7,0,0,1,9339,114990101100,1120008100,1120008100,210,1,27292.3,TRUE,41.5102798102084,8.0541667
"1120901710","1050901710","1120903250",10541.6,128.7,80,1681.7,1681.7,0,0,2,9340,114980100100,1120008100,1120008100,80,1,10541.6,TRUE,41.5962752381571,8.04027775
"1120008150","1050008110","0",11220.5,126.4,364,0,0,0,0,1,9853,117104100100,1120008150,1120008150,82,0.225274725274725,11220.5,TRUE,41.8918075275401,-0.9153029
"1120008470","1050008470","0",95248.8,103,759,0,0,0,0,1,10130,117201001000,1120008470,1120008470,759,1,95248.8,TRUE,40.4844885247518,-2.4916667
"1120008490","1050008480","0",501.6,91.4,14,0,0,0,0,1,10890,117310002100,1120008490,1120008490,4,0.285714285714286,501.6,TRUE,40.308333325,-2.57083335
"1120008570","1050008570","0",38448.4,31.3,371,0,0,0,0,1,10903,1.17321e+11,1120008570,1120008570,371,1,38448.4,TRUE,40.1245948868888,-3.1515059
"1120008640","1050008580","0",7714,91.6,243,0,0,0,0,1,11207,117332010000,1120008640,1120008640,60,0.246913580246914,7714,TRUE,39.8041763583261,-3.6354167
"1120009010","1050009010","0",40483.5,126.5,397,0,0,0,0,1,11444,117341010110,1120009010,1120009010,397,1,40483.5,TRUE,38.9454909327117,-5.3980633
"1120009040","1050009020","0",4584.1,4.1,57,0,0,0,0,1,11761,117350021000,1120009040,1120009040,33,0.578947368421053,4584.1,TRUE,38.885521010111,-5.6711639
"1120009130","1050009130","0",41560.9,96.5,332,0,0,0,0,1,11816,117361011100,1120009130,1120009130,332,1,41560.9,TRUE,38.8143007435602,-6.2008711
"1120009150","1050009140","0",133.9,133.9,3,0,0,0,1,0,12135,117370000012,1120009150,1120009150,1,0.333333333333333,133.9,TRUE,38.8124092582951,-6.28011295
"1120009170","1050009170","0",17615.2,186.7,141,0,0,0,0,1,12137,117380110000,1120009170,1120009170,141,1,17615.2,TRUE,38.8290000415529,-6.46139475
"1120009340","1050009180","0",1855.8,96.8,62,0,0,0,0,1,12317,117390081100,1120009340,1120009340,13,0.209677419354839,1855.8,TRUE,39.2699949848287,-7.4083333
"1120009450","1050009450","0",177136.2,58.1,45,0,0,0,0,1,12340,117410010010,1120009450,1120009450,45,1,177136.2,TRUE,39.2982007621252,-7.8432327
"1121299640","1051299640","1121300240",163246.3,161.3,41,127.8,127.8,0,0,1,12378,117430010000,1120009450,1120009450,41,1,163246.3,TRUE,38.5601651466827,-7.86983015
"1121299770","1051299770","1121300240",8226.5,159.9,63,127.8,127.8,0,0,2,12379,117420010100,1120009450,1120009450,63,1,8226.5,TRUE,38.5339994582993,-7.94079555
"1121299560","1051299560","1121297780",72273.9,4.7,565,251.4,251.4,0,0,2,12480,117441010100,1120009450,1120009450,565,1,72273.9,TRUE,37.8145879987164,-7.93125235
"1121299550","1051299550","1121297780",85666.5,217.3,154,251.6,251.6,0,0,1,12482,117450111000,1120009450,1120009450,154,1,85666.5,TRUE,37.6875246933247,-7.887607
"1121285320","1051285320","1121285330",27780.2,0.2,212,570.3,570.3,0,0,2,12901,117460110000,1120009450,1120009450,212,1,27780.2,TRUE,35.80625,-7.08958335
"1121285400","1051285400","1121285330",37726.8,36.6,25,570.5,570.5,0,0,1,12902,117470010000,1120009450,1120009450,25,1,37726.8,TRUE,35.75,-7.125
"1121289610","1051289610","1121288950",29211.2,161.9,228,628.1,628.1,0,0,1,13043,117490111000,1120009450,1120009450,228,1,29211.2,TRUE,35.322809537577,-7.366114
"1121289620","1051289620","1121288950",5406.7,28.1,41,628.1,628.1,0,0,2,13044,117480010100,1120009450,1120009450,41,1,5406.7,TRUE,35.4405963408551,-7.3666667
"1120009800","1050009460","0",17134.3,88.6,442,0,0,0,0,1,13924,117506101000,1120009800,1120009800,135,0.305429864253394,17134.3,TRUE,39.5873575630995,-9.50625
"1120010030","1050010030","0",155316.4,104.8,136,0,0,0,0,1,14156,117610101100,1120010030,1120010030,136,1,155316.4,TRUE,40.3491448014668,-10.49179385
"1121358080","1051358080","1122168660",60990.4,19.7,474,269.3,269.3,0,0,2,14274,117621101000,1120010030,1120010030,474,1,60990.4,TRUE,38.4921511850265,-11.44565665
"1121357890","1051357890","1122168660",76462.8,40.9,49,269.4,269.4,0,0,1,14275,117630010100,1120010030,1120010030,49,1,76462.8,TRUE,38.4440808347623,-11.40208335
"1121355140","1051355140","1121355390",59454.3,188.4,172,340.7,340.7,0,0,1,14355,117650110100,1120010030,1120010030,172,1,59454.3,TRUE,37.8937706798825,-11.27105695
"1121355040","1051355040","1121355390",10319.6,129.4,81,340.7,340.7,0,0,2,14356,117640100100,1120010030,1120010030,81,1,10319.6,TRUE,37.9108298889284,-11.17697635
"1121363390","1051363390","1121362830",27344.3,181.7,104,595.5,595.5,0,0,1,14782,117670100000,1120010030,1120010030,104,1,27344.3,TRUE,36.2451798289338,-11.70816715
"1121363500","1051363500","1121362830",9288.1,126.8,70,595.7,595.7,0,0,2,14783,117660101100,1120010030,1120010030,70,1,9288.1,TRUE,36.2825016227938,-11.81310475
"1121360960","1051360960","1121360450",7525.4,204.8,56,751.3,751.3,0,0,1,15056,117690010000,1120010030,1120010030,56,1,7525.4,TRUE,35.3358673157932,-11.57795445
"1121360840","1051360840","1121360450",6210.1,116.7,46,751.5,751.5,0,0,2,15057,117680011000,1120010030,1120010030,46,1,6210.1,TRUE,35.4094520000472,-11.4956243
"1120010290","1050010040","0",24704.7,140.9,435,0,0,0,0,1,15416,117704100100,1120010290,1120010290,190,0.436781609195402,24704.7,TRUE,40.3622983553519,-11.70456795
"1120010590","1050010590","0",61392.7,177.3,467,0,0,0,0,1,15779,117801110110,1120010590,1120010590,467,1,61392.7,TRUE,40.4582947528896,-13.5053789
"1120010730","1050010600","0",9460.8,153.7,276,0,0,0,0,1,16275,117912100000,1120010730,1120010730,69,0.25,9460.8,TRUE,40.4707464728857,-14.2125
"1120011120","1050011120","0",10247.8,145.8,75,0,0,0,0,1,16522,117920101000,1120011120,1120011120,75,1,10247.8,TRUE,39.694915678347,-16.3791667
"1120011140","1050011130","0",2107.7,179.6,20,0,0,0,0,1,16598,117930021000,1120011140,1120011140,14,0.7,2107.7,TRUE,39.672989869161,-16.456666
"1120011180","1050011180","0",14851.3,137.2,107,0,0,0,0,1,16617,117940101000,1120011180,1120011180,107,1,14851.3,TRUE,39.0970323785078,-16.7916667
"1120011360","1050011190","0",9019.8,126,217,0,0,0,0,1,16863,117950810000,1120011360,1120011360,66,0.304147465437788,9019.8,TRUE,37.7793519796831,-17.3916667
"1120011420","1050011420","0",23075.3,175.8,180,0,0,0,0,1,16941,117960101100,1120011420,1120011420,180,1,23075.3,TRUE,37.3333509733875,-17.5521425
"1120011460","1050011430","0",2381.2,157.3,27,0,0,0,0,1,17124,117970041000,1120011460,1120011460,16,0.592592592592593,2381.2,TRUE,37.1815539927314,-17.62665845
"1120011500","1050011500","0",19105.2,160.7,137,0,0,0,0,1,17148,117980100000,1120011500,1120011500,137,1,19105.2,TRUE,36.9572227596014,-17.86808065
"1120011510","1050011510","0",242.1,242.1,2,0,0,0,1,0,17285,117990000100,1120011510,1120011510,1,0.5,242.1,TRUE,36.920809134759,-18.05591805
"1120011540","1050011530","0",1808.2,92.9,39,0,0,0,0,1,17288,121000021000,1120011540,1120011540,16,0.41025641025641,1808.2,TRUE,36.7155840849469,-18.2039577
"1120011660","1050011660","0",1378121.1,158.3,85,0,0,0,0,1,17326,122100100100,1120011660,1120011660,85,1,1378121.1,TRUE,36.2337298977813,-18.7145384
"1121472390","1051472390","1121473460",161058.3,46.7,348,195.3,195.3,0,0,2,17351,122211010010,1120011660,1120011660,348,1,161058.3,TRUE,35.3185858972437,-17.66105615
"1121472430","1051472430","1121473460",1205882.3,117,199,195.5,195.5,0,0,1,17352,122310110000,1120011660,1120011660,199,1,1205882.3,TRUE,35.222639314973,-17.6805008
"1121447780","1051447780","1121448950",1124955.1,51.4,10,465.1,465.1,0,0,1,17731,122330001000,1120011660,1120011660,10,1,1124955.1,TRUE,33.7562358923856,-16.3687338
"1121447890","1051447890","1121448950",54757.5,54.2,412,465.1,465.1,0,0,2,17732,122321001100,1120011660,1120011660,412,1,54757.5,TRUE,33.75208335,-16.41458335
"1121443690","1051443690","1122209230",16384.1,160.4,126,496.4,496.4,0,0,2,17783,122340101000,1120011660,1120011660,126,1,16384.1,TRUE,33.6281828632644,-16.07493645
"1121443680","1051443680","1122209230",1107393.3,167.6,69,496.6,496.6,0,0,1,17786,122350100100,1120011660,1120011660,69,1,1107393.3,TRUE,33.5813842194562,-16.1125
"1121430860","1051430860","1121433310",1068771.5,79,270,604,604,0,0,1,17987,122371011000,1120011660,1120011660,270,1,1068771.5,TRUE,32.9375035306682,-15.5972122
"1121430830","1051430830","1121433310",29230.2,104.4,214,604.2,604.2,0,0,2,17988,122360100100,1120011660,1120011660,214,1,29230.2,TRUE,32.9336044173855,-15.52641045
"1121398950","1051398950","1121400450",8468.2,134.3,59,752.5,752.5,0,0,3,18528,122220010100,1120011660,1120011660,59,1,8468.2,TRUE,34.7218396645678,-13.8374756
"1121398880","1051398880","1121400450",109764.3,40.9,99,752.7,752.7,0,0,2,18531,122230101000,1120011660,1120011660,99,1,109764.3,TRUE,34.8084135846528,-13.78812545
"1121431950","1051431950","1121431960",25125.2,231.3,185,878.7,878.7,0,0,2,19073,122380100100,1120011660,1120011660,185,1,25125.2,TRUE,30.6419421394369,-15.71928455
"1121431940","1051431940","1121431960",1009325.1,19.4,6,878.9,878.9,0,0,1,19074,122390000100,1120011660,1120011660,6,1,1009325.1,TRUE,30.6476969463049,-15.65353005
"1121382440","1051382440","1121382870",11678.8,185.1,88,883.1,883.1,0,0,3,19100,122240100000,1120011660,1120011660,88,1,11678.8,TRUE,34.4081835760693,-12.79583335
"1121382340","1051382340","1121382870",85340,18.5,29,883.1,883.1,0,0,2,19101,122250010000,1120011660,1120011660,29,1,85340,TRUE,34.5293035285235,-12.7791667
"1121431680","1051431680","1122203860",859018.4,40.4,145,908.7,908.7,0,0,1,19184,122500101000,1120011660,1120011660,145,1,859018.4,TRUE,30.3875008577416,-15.6420224
"1121431480","1051431480","1122203860",149540,85.9,58,908.9,908.9,0,0,2,19185,122410010100,1120011660,1120011660,58,1,149540,TRUE,30.3893919294338,-15.581052
"1121378410","1051378410","1121378590",73545.7,191.5,172,909.8,909.8,0,0,2,19188,122270100100,1120011660,1120011660,172,1,73545.7,TRUE,34.4438666089768,-12.4769699
"1121378400","1051378400","1121378590",8285.5,227.4,62,909.9,909.9,0,0,3,19190,122260010100,1120011660,1120011660,62,1,8285.5,TRUE,34.3333368427283,-12.47905655
"1121418940","1051418940","1121419200",97271.1,110.4,177,1008.4,1008.4,0,0,2,19477,122430101000,1120011660,1120011660,177,1,97271.1,TRUE,30.2711463693691,-14.88388805
"1121418880","1051418880","1121419200",44508.4,153.8,345,1008.6,1008.6,0,0,3,19481,122421001100,1120011660,1120011660,345,1,44508.4,TRUE,30.1979166917882,-14.82083335
"1121438780","1051438780","1121438790",156563.2,52.3,508,1100,1100,0,0,2,19851,122611011000,1120011660,1120011660,508,1,156563.2,TRUE,28.8807837549595,-15.93049975
"1121438860","1051438860","1121438790",683379.1,28.9,37,1100.2,1100.2,0,0,1,19853,122710010010,1120011660,1120011660,37,1,683379.1,TRUE,28.8773028851032,-15.9790458
"1121347100","1051347100","1121347530",39973.6,49.4,308,1120.4,1120.4,0,0,3,19934,1.22281e+11,1120011660,1120011660,308,1,39973.6,TRUE,34.4035344835992,-10.7324299
"1121347090","1051347090","1121347530",12277.8,38.2,97,1120.6,1120.6,0,0,2,19936,122290101000,1120011660,1120011660,97,1,12277.8,TRUE,34.3578159512548,-10.7758711
"1121451560","1051451560","1121450850",51084.7,0.2,405,1188.4,1188.4,0,0,2,20199,1.22721e+11,1120011660,1120011660,405,1,51084.7,TRUE,28.73125,-16.58541665
"1121451550","1051451550","1121450850",627846.3,179,27,1188.6,1188.6,0,0,1,20201,122730010000,1120011660,1120011660,27,1,627846.3,TRUE,28.6353728816805,-16.60334505
"1121453310","1051453310","1121452640",617103.9,26.8,32,1224.3,1224.3,0,0,1,20362,122750010000,1120011660,1120011660,32,1,617103.9,TRUE,28.3989582862633,-16.6958333
"1121453390","1051453390","1121452640",6857,145.9,48,1224.5,1224.5,0,0,2,20363,122740011100,1120011660,1120011660,48,1,6857,TRUE,28.3832671144175,-16.79853425
"1121457490","1051457490","1121457400",602839.6,93.2,153,1281.3,1281.3,0,0,1,20723,122770110000,1120011660,1120011660,153,1,602839.6,TRUE,27.9586218861821,-16.95379825
"1121457550","1051457550","1121457400",10226.1,107.4,76,1281.5,1281.5,0,0,2,20724,122760110000,1120011660,1120011660,76,1,10226.1,TRUE,28.023002318937,-16.99518365
"1121387160","1051387160","1121386990",10478,80.4,81,1354.9,1354.9,0,0,3,21215,122440100000,1120011660,1120011660,81,1,10478,TRUE,31.8616840429276,-13.1465278
"1121387100","1051387100","1121386990",63640.3,69,125,1355.1,1355.1,0,0,2,21216,122450110000,1120011660,1120011660,125,1,63640.3,TRUE,31.814583349179,-13.05416665
"1121478700","1051478700","1122224020",539540.7,61.4,174,1462.2,1462.2,0,0,1,21753,122790101000,1120011660,1120011660,174,1,539540.7,TRUE,26.887348582439,-17.97194365
"1121478770","1051478770","1122224020",43487.6,52.9,321,1462.2,1462.2,0,0,2,21754,122781000110,1120011660,1120011660,321,1,43487.6,TRUE,26.8888702294943,-18.0281161
"1121376970","1051376970","1121377570",6263.1,139.1,47,1464.3,1464.3,0,0,3,21770,122460010100,1120011660,1120011660,47,1,6263.1,TRUE,32.0543063443981,-12.3854167
"1121376870","1051376870","1121377570",41590.8,19.9,24,1464.5,1464.5,0,0,2,21774,122470001000,1120011660,1120011660,24,1,41590.8,TRUE,32.1487730136237,-12.4375
"1121369690","1051369690","1121370550",4621.9,227.2,31,1533.8,1533.8,0,0,3,22087,122480010000,1120011660,1120011660,31,1,4621.9,TRUE,32.4893923736134,-12.11556145
"1121369590","1051369590","1121370550",34244.1,6,282,1534,1534,0,0,2,22088,122491010000,1120011660,1120011660,282,1,34244.1,TRUE,32.3581433219638,-12.04722225
"1121473950","1051473950","1121474320",155286.3,117.8,104,1699.7,1699.7,0,0,2,22849,122810100100,1120011660,1120011660,104,1,155286.3,TRUE,25.1583455534739,-17.81810455
"1121473880","1051473880","1121474320",362355.2,58.6,618,1699.9,1699.9,0,0,1,22850,122911010000,1120011660,1120011660,618,1,362355.2,TRUE,25.2269233482134,-17.7629498
"1121413460","1051413460","1121415150",10522.4,155.6,81,1758.3,1758.3,0,0,3,23019,122620101000,1120011660,1120011660,81,1,10522.4,TRUE,26.1622732291491,-14.5583333
"1121413580","1051413580","1121415150",82089,222.1,17,1758.3,1758.3,0,0,2,23020,122630001000,1120011660,1120011660,17,1,82089,TRUE,26.2562721628858,-14.67621225
"1121412570","1051412570","1121414940",55329.1,99.5,39,1807.5,1807.5,0,0,2,23190,122650010100,1120011660,1120011660,39,1,55329.1,TRUE,26.4728296178851,-14.57274
"1121412560","1051412560","1121414940",24666.6,121.3,186,1807.5,1807.5,0,0,3,23191,122640111100,1120011660,1120011660,186,1,24666.6,TRUE,26.3939190316239,-14.525
"1121409070","1051409070","1121409060",13507.6,106.8,97,1908.5,1908.5,0,0,3,23633,122660100000,1120011660,1120011660,97,1,13507.6,TRUE,27.1931824761021,-14.43606205
"1121409000","1051409000","1121409060",37134.6,26.7,23,1908.6,1908.6,0,0,2,23634,122670010100,1120011660,1120011660,23,1,37134.6,TRUE,27.2226022264184,-14.35154825
"1121487890","1051487890","1122227590",120689,128.8,98,1954.5,1954.5,0,0,2,23768,122830101100,1120011660,1120011660,98,1,120689,TRUE,23.5611571160242,-18.4326231
"1121487960","1051487960","1122227590",21239.8,68.4,163,1954.7,1954.7,0,0,3,23769,122820100000,1120011660,1120011660,163,1,21239.8,TRUE,23.5769316357736,-18.51458335
"1121400740","1051400740","1122189410",9436.4,11.4,71,1986.2,1986.2,0,0,3,23836,122680100000,1120011660,1120011660,71,1,9436.4,TRUE,27.3958349400666,-13.9125
"1121400750","1051400750","1122189410",24928,66.9,188,1986.3,1986.3,0,0,2,23838,122690110000,1120011660,1120011660,188,1,24928,TRUE,27.430208325,-13.925
"1121466490","1051466490","1121468100",38278.7,156.9,278,2132.9,2132.9,0,0,3,24380,122841000100,1120011660,1120011660,278,1,38278.7,TRUE,22.9294642968744,-17.3552341
"1121466350","1051466350","1121468100",69466.1,8.1,234,2132.9,2132.9,0,0,2,24381,1.22851e+11,1120011660,1120011660,234,1,69466.1,TRUE,23.0428551958118,-17.3590324
"1121423960","1051423960","1122200620",42104.9,60.8,321,2250.5,2250.5,0,0,2,24903,122921000100,1120011660,1120011660,321,1,42104.9,TRUE,22.8666485238884,-15.16221635
"1121423970","1051423970","1122200620",238372.7,148,188,2250.7,2250.7,0,0,1,24904,122930100000,1120011660,1120011660,188,1,238372.7,TRUE,22.9648880638472,-15.1351249
"1121408100","1051408100","1121409410",166347,31.9,3,2373.8,2373.8,0,0,1,25238,122950000100,1120011660,1120011660,3,1,166347,TRUE,23.2391701090091,-14.30197635
"1121408090","1051408090","1121409410",47044,60.9,338,2374,2374,0,0,2,25239,1.22941e+11,1120011660,1120011660,338,1,47044,TRUE,23.144980619919,-14.291223
"1121405290","1051405290","1121407380",93799.3,14,206,2390.5,2390.5,0,0,1,25301,122970111000,1120011660,1120011660,206,1,93799.3,TRUE,23.1770833297521,-14.1666667
"1121405300","1051405300","1121407380",72291.7,132,534,2390.7,2390.7,0,0,2,25302,122961001100,1120011660,1120011660,534,1,72291.7,TRUE,23.263021720229,-14.1982405
"1121428730","1051428730","1121430230",29598.5,124.8,70,2465.7,2465.7,0,0,2,25594,122870101100,1120011660,1120011660,70,1,29598.5,TRUE,21.38859035901,-15.40509525
"1121428790","1051428790","1121430230",7854,55.4,59,2465.7,2465.7,0,0,3,25595,122860010000,1120011660,1120011660,59,1,7854,TRUE,21.3333583062495,-15.4553789
"1121419860","1051419860","1121420630",9731.2,152.5,71,2627.3,2627.3,0,0,2,26261,122890101000,1120011660,1120011660,71,1,9731.2,TRUE,20.3085967861163,-14.89841445
"1121419980","1051419980","1121420630",10114.9,82.3,74,2627.3,2627.3,0,0,3,26262,122880100100,1120011660,1120011660,74,1,10114.9,TRUE,20.2896988794812,-15.00735525
"1121377550","1051377550","1121378550",24078,112.3,178,2655.6,2655.6,0,0,1,26384,122990100100,1120011660,1120011660,178,1,24078,TRUE,22.4657940821578,-12.45866825
"1121377560","1051377560","1121378550",41789.2,5.7,315,2655.6,2655.6,0,0,2,26385,122981000100,1120011660,1120011660,315,1,41789.2,TRUE,22.5744867240904,-12.48880445
"1120011720","1050011670","0",4653.3,66,135,0,0,0,0,1,27823,123010210100,1120011720,1120011720,35,0.259259259259259,4653.3,TRUE,36.0104800770096,-18.86201715
"1120011960","1050011960","0",31022,5,228,0,0,0,0,1,27949,123021000100,1120011960,1120011960,228,1,31022,TRUE,34.6527460096874,-19.6718114
"1120011980","1050011970","0",923.6,144.9,10,0,0,0,0,1,28178,123030002100,1120011980,1120011980,6,0.6,923.6,TRUE,34.6608383480528,-19.78484805
"1120012020","1050012020","0",28572.1,99.8,216,0,0,0,0,1,28187,123040110100,1120012020,1120012020,216,1,28572.1,TRUE,34.6941918931495,-19.8656335
"1120012100","1050012030","0",10221.2,196.5,133,0,0,0,0,1,28439,123050610100,1120012100,1120012100,78,0.586466165413534,10221.2,TRUE,34.5716155284388,-20.66232335
"1120012210","1050012210","0",102590.7,86.3,780,0,0,0,0,1,28536,123061101100,1120012210,1120012210,780,1,102590.7,TRUE,35.0287671780111,-20.9790346
"1120012300","1050012220","0",12143,24,189,0,0,0,0,1,29330,123070211010,1120012300,1120012300,101,0.534391534391534,12143,TRUE,35.0917029777172,-21.3625
"1120012540","1050012540","0",14760.3,166.3,150,0,0,0,0,1,29480,123080110110,1120012540,1120012540,150,1,14760.3,TRUE,34.690625,-24.75
"1120012590","1050012590","0",407139,136.7,21,0,0,0,0,1,29593,124100001000,1120012590,1120012590,21,1,407139,TRUE,33.5609093332288,-25.1414958
"1121584690","1051584690","1121585230",59362.6,43.5,502,97,97,0,0,2,29614,124201100100,1120012590,1120012590,502,1,59362.6,TRUE,33.489954738715,-24.73167545
"1121584780","1051584780","1121585230",345110.5,191.4,16,97.2,97.2,0,0,1,29615,124300001000,1120012590,1120012590,16,1,345110.5,TRUE,33.4439256285828,-24.79566275
"1121576130","1051576130","1121576940",81485.7,223.1,618,258.7,258.7,0,0,2,29727,124401001000,1120012590,1120012590,618,1,81485.7,TRUE,32.5603513649875,-24.17291665
"1121576090","1051576090","1121576940",261202.8,122.4,580,258.9,258.9,0,0,1,29728,124501010110,1120012590,1120012590,580,1,261202.8,TRUE,32.6156850955017,-24.0454627
"1121548260","1051548260","1121547990",155088.5,47,22,788.8,788.8,0,0,1,30817,124700001000,1120012590,1120012590,22,1,155088.5,TRUE,29.3438850175709,-22.21875
"1121548220","1051548220","1121547990",29066.4,158.7,212,789,789,0,0,2,30818,124600101100,1120012590,1120012590,212,1,29066.4,TRUE,29.2905263643801,-22.1125
"1121548760","1051548760","1121548610",133109.8,35.1,5,828.1,828.1,0,0,1,30928,124910000100,1120012590,1120012590,5,1,133109.8,TRUE,29.0213925800765,-22.2467155
"1121548750","1051548750","1121548610",19413.7,32.4,147,828.3,828.3,0,0,2,30929,124800100100,1120012590,1120012590,147,1,19413.7,TRUE,28.9914518805681,-22.2281886
"1121552540","1051552540","1121551220",116417.6,126.2,304,861.1,861.1,0,0,1,31026,124931010100,1120012590,1120012590,304,1,116417.6,TRUE,28.8581914416588,-22.4354911
"1121552590","1051552590","1121551220",16047.6,5.2,122,861.1,861.1,0,0,2,31027,124920100010,1120012590,1120012590,122,1,16047.6,TRUE,28.9167870950932,-22.47916665
"1121569210","1051569210","1121568440",65375,14.4,30,1163.4,1163.4,0,0,1,32003,124950010010,1120012590,1120012590,30,1,65375,TRUE,27.1022877800124,-23.58630255
"1121569100","1051569100","1121568440",11643.5,60.5,93,1163.4,1163.4,0,0,2,32004,124940101000,1120012590,1120012590,93,1,11643.5,TRUE,27.0968457507885,-23.55
"1121571680","1051571680","1121570870",43802.6,121.6,7,1204.7,1204.7,0,0,1,32072,124970001100,1120012590,1120012590,7,1,43802.6,TRUE,26.964481139002,-23.83148415
"1121571670","1051571670","1121570870",17432.2,143.8,131,1204.8,1204.8,0,0,2,32073,124960110110,1120012590,1120012590,131,1,17432.2,TRUE,26.8730773178895,-23.77916665
"1121577000","1051577000","1122265620",29547.7,5.2,226,1260.4,1260.4,0,0,1,32149,124990101000,1120012590,1120012590,226,1,29547.7,TRUE,26.8803160168252,-24.1875
"1121576990","1051576990","1122265620",13325.6,164.1,112,1260.6,1260.6,0,0,2,32150,124980110000,1120012590,1120012590,112,1,13325.6,TRUE,26.8607227615283,-24.2444444
"1120012640","1050012600","0",276.2,101.5,9,0,0,0,0,1,32700,125100000410,1120012640,1120012640,2,0.222222222222222,276.2,TRUE,33.1893926189941,-25.22083335
"1120012680","1050012680","0",46725.6,58.9,346,0,0,0,0,1,32705,125201010100,1120012680,1120012680,346,1,46725.6,TRUE,32.693787055839,-25.74889475
"1120012750","1050012690","0",5502.3,230.3,77,0,0,0,0,1,33064,125300610000,1120012750,1120012750,39,0.506493506493506,5502.3,TRUE,32.3579755970634,-26.0501418
"1120012810","1050012810","0",30280.4,222,225,0,0,0,0,1,33128,125401001000,1120012810,1120012810,225,1,30280.4,TRUE,32.6559827408533,-26.4865238
"1120012940","1050012820","0",10050.8,0.8,236,0,0,0,0,1,33458,125510611000,1120012940,1120012940,76,0.322033898305085,10050.8,TRUE,32.41666665,-28.41041665
"1120013070","1050013070","0",29195.9,186.2,220,0,0,0,0,1,33582,125520101000,1120013070,1120013070,220,1,29195.9,TRUE,31.3916750826853,-29.15641225
"1120013640","1050013080","0",19902.7,150.4,502,0,0,0,0,1,34044,125536100110,1120013640,1120013640,152,0.302788844621514,19902.7,TRUE,29.4705050838577,-31.56421765
"1120013950","1050013950","0",20521.1,169.8,151,0,0,0,0,1,34304,125540110000,1120013950,1120013950,151,1,20521.1,TRUE,28.2437785064134,-32.5973733
"1120014130","1050013960","0",2707.5,102.3,64,0,0,0,0,1,34491,125550081100,1120014130,1120014130,19,0.296875,2707.5,TRUE,27.4520982007525,-33.2353146
"1120014220","1050014220","0",30263.2,13.4,239,0,0,0,0,1,34519,125561010000,1120014220,1120014220,239,1,30263.2,TRUE,27.1110120220312,-33.47391355
"1120014310","1050014230","0",2743.2,83.6,43,0,0,0,0,1,34774,125570061100,1120014310,1120014310,22,0.511627906976744,2743.2,TRUE,26.5699138784527,-33.63802825
"1120014370","1050014370","0",21324,4.7,167,0,0,0,0,1,34801,125580111000,1120014370,1120014370,167,1,21324,TRUE,25.8448812770035,-33.70968375
"1120014410","1050014380","0",1427.7,15.3,23,0,0,0,0,1,34973,125590004100,1120014410,1120014410,11,0.478260869565217,1427.7,TRUE,25.6103316089193,-33.86777195
"1120014490","1050014490","0",34805.2,38.6,273,0,0,0,0,1,34991,125601001000,1120014490,1120014490,273,1,34805.2,TRUE,25.0229279218939,-33.9373552
"1120014690","1050014500","0",1121,1.8,66,0,0,0,0,1,35290,125700041000,1120014690,1120014690,8,0.121212121212121,1121,TRUE,23.4,-34.0125
"1120014920","1050014920","0",45082.3,107.6,353,0,0,0,0,1,35329,125801001100,1120014920,1120014920,353,1,45082.3,TRUE,21.8371023906665,-34.31267665
"1120015000","1050014930","0",12511.3,5.4,130,0,0,0,0,1,35704,125900611000,1120015000,1120015000,93,0.715384615384615,12511.3,TRUE,20.8291033469625,-34.4270697
"1120015080","1050015030","0",1779.2,5.3,88,0,0,0,0,1,35813,126010401000,1120015080,1120015080,13,0.147727272727273,1779.2,TRUE,20.1000883625,-34.71128775
"1120015390","1050015390","0",7797.8,181.6,58,0,0,0,0,1,35885,126020011000,1120015390,1120015390,58,1,7797.8,TRUE,18.1689016546844,-32.8208333
"1120015450","1050015400","0",1924,164.6,42,0,0,0,0,1,35948,126030021110,1120015450,1120015450,14,0.333333333333333,1924,TRUE,18.431465580813,-32.3361111
"1120015560","1050015560","0",46363.8,115.4,354,0,0,0,0,1,35985,126041000110,1120015560,1120015560,354,1,46363.8,TRUE,18.2298678752141,-31.6321211
"1120015590","1050015570","0",1416.4,49.8,23,0,0,0,0,1,36341,126050021000,1120015590,1120015590,11,0.478260869565217,1416.4,TRUE,17.887625235053,-31.1974116
"1120015630","1050015630","0",4670.1,247.6,35,0,0,0,0,1,36355,126060010100,1120015630,1120015630,35,1,4670.1,TRUE,17.6313057959521,-30.75208335
"1120015690","1050015640","0",1649.7,181.3,43,0,0,0,0,1,36410,126070061000,1120015690,1120015690,16,0.372093023255814,1649.7,TRUE,17.3867303655001,-30.2253558
"1120015720","1050015720","0",9915.5,54.7,80,0,0,0,0,1,36425,126080101000,1120015720,1120015720,80,1,9915.5,TRUE,17.0961181137246,-29.6438821
"1120015760","1050015730","0",2408.2,197.4,53,0,0,0,0,1,36505,126090041000,1120015760,1120015760,16,0.30188679245283,2408.2,TRUE,16.9978073610173,-29.2770184
"1120015850","1050015850","0",884883.1,82.8,39,0,0,0,0,1,36541,127100011000,1120015850,1120015850,39,1,884883.1,TRUE,16.4929977783447,-28.57436465
"1121620260","1051620260","1121619610",796731.2,106.9,550,153.8,153.8,0,0,1,36576,127301001000,1120015850,1120015850,550,1,796731.2,TRUE,17.2208297015822,-28.141669
"1121620200","1051620200","1121619610",83035.6,242.1,663,153.9,153.9,0,0,2,36577,1.27201e+11,1120015850,1120015850,663,1,83035.6,TRUE,17.2086978829326,-28.0393158
"1121624310","1051624310","1121624300",316423.8,127.8,156,639.1,639.1,0,0,2,37290,127410101100,1120015850,1120015850,156,1,316423.8,TRUE,20.2501062528878,-28.44375
"1121624330","1051624330","1121624300",428259.7,164.7,18,639.3,639.3,0,0,1,37292,127500001000,1120015850,1120015850,18,1,428259.7,TRUE,20.2855444379095,-28.55900025
"1121626200","1051626200","1121625840",78755.3,48.5,642,687.4,687.4,0,0,2,37374,127601000100,1120015850,1120015850,642,1,78755.3,TRUE,20.5333289839124,-28.78333335
"1121626210","1051626210","1121625840",347209.5,217.3,549,687.5,687.5,0,0,1,37375,127701011000,1120015850,1120015850,549,1,347209.5,TRUE,20.64060681531,-28.7749974
"1121609270","1051609270","1122280110",34707.7,130.8,307,894.6,894.6,0,0,3,37851,127421011000,1120015850,1120015850,307,1,34707.7,TRUE,20.7208519098907,-26.97066275
"1121609210","1051609210","1122280110",273697.9,33.3,1,894.8,894.8,0,0,2,37854,1.2743e+11,1120015850,1120015850,1,1,273697.9,TRUE,20.6625454481329,-26.9107003
"1121608780","1051608780","1121609210",159875.9,134.1,11,899.8,899.8,0,0,2,37862,127450001100,1120015850,1120015850,11,1,159875.9,TRUE,20.6466962725878,-26.8201822
"1121608790","1051608790","1121609210",113788.8,86.5,871,900,900,0,0,3,37863,127441100100,1120015850,1120015850,871,1,113788.8,TRUE,20.7177083047686,-26.8375
"1121604190","1051604190","1121604270",99984.5,142.4,43,959.5,959.5,0,0,2,38032,127470010100,1120015850,1120015850,43,1,99984.5,TRUE,20.6667025100138,-26.384084
"1121604130","1051604130","1121604270",58604.4,41.7,453,959.7,959.7,0,0,3,38033,127461000100,1120015850,1120015850,453,1,58604.4,TRUE,20.6133472592216,-26.40058745
"1121601200","1051601200","1121602230",39903,94.8,298,1006.9,1006.9,0,0,3,38210,127481000100,1120015850,1120015850,298,1,39903,TRUE,20.9437351064053,-26.0875246
"1121601190","1051601190","1121602230",54648.3,9.3,407,1007.1,1007.1,0,0,2,38211,127491001000,1120015850,1120015850,407,1,54648.3,TRUE,20.8420071123953,-26.11546925
"1121629430","1051629430","1121629420",97116.8,118.4,748,1240,1240,0,0,2,39211,127801101000,1120015850,1120015850,748,1,97116.8,TRUE,23.7302578063914,-29.12639125
"1121629370","1051629370","1121629420",185499.6,77.3,16,1240.2,1240.2,0,0,1,39212,127910001000,1120015850,1120015850,16,1,185499.6,TRUE,23.5598503547194,-28.98471835
"1121628750","1051628750","1121629180",154741.5,44.7,51,1272.6,1272.6,0,0,1,39443,127930011000,1120015850,1120015850,51,1,154741.5,TRUE,23.859375,-28.9625
"1121628760","1051628760","1121629180",28747.1,4.7,270,1272.8,1272.8,0,0,2,39444,127921010100,1120015850,1120015850,270,1,28747.1,TRUE,23.9022313296118,-28.99583335
"1121623250","1051623250","1121623240",31051.1,81.7,237,1386.1,1386.1,0,0,2,40169,127941010100,1120015850,1120015850,237,1,31051.1,TRUE,24.2998637358966,-28.36058725
"1121623270","1051623270","1121623240",117398.2,65.7,117,1386.3,1386.3,0,0,1,40170,127950101000,1120015850,1120015850,117,1,117398.2,TRUE,24.3230301747518,-28.4833333
"1121616230","1051616230","1121616180",87933.2,44,372,1655.6,1655.6,0,0,1,41704,127971100100,1120015850,1120015850,372,1,87933.2,TRUE,25.6675619825106,-27.63356745
"1121616280","1051616280","1121616180",18522.8,203.3,142,1655.8,1655.8,0,0,2,41705,127960100100,1120015850,1120015850,142,1,18522.8,TRUE,25.6912734251572,-27.7403419
"1121608870","1051608870","1121608570",20298.9,36.4,153,2152.9,2152.9,0,0,1,42862,127990101000,1120015850,1120015850,153,1,20298.9,TRUE,28.2309829576443,-26.89693855
"1121608860","1051608860","1121608570",17977.5,177.3,139,2152.9,2152.9,0,0,2,42863,127980101000,1120015850,1120015850,139,1,17977.5,TRUE,28.1811398197134,-27.01016795
"1120015960","1050015860","0",1921.4,58.9,180,0,0,0,0,1,43280,128010201000,1120015960,1120015960,16,0.0888888888888889,1921.4,TRUE,15.7115071211307,-27.9080497
"1120016760","1050016760","0",16814.7,201.8,130,0,0,0,0,1,43437,128020101000,1120016760,1120016760,130,1,16814.7,TRUE,14.5647207071068,-23.1224638
"1120016800","1050016770","0",2881.2,131.9,33,0,0,0,0,1,43574,128030041000,1120016800,1120016800,22,0.666666666666667,2881.2,TRUE,14.5896194508293,-22.87364065
"1120016850","1050016850","0",29452,221.5,234,0,0,0,0,1,43600,128040100100,1120016850,1120016850,234,1,29452,TRUE,14.6608298937572,-22.64802365
"1120017080","1050016860","0",11692.2,138.2,209,0,0,0,0,1,43882,128050410110,1120017080,1120017080,93,0.444976076555024,11692.2,TRUE,14.3603849473999,-22.01041665
"1120017350","1050017350","0",29440.2,191.4,242,0,0,0,0,1,44042,128060111100,1120017350,1120017350,242,1,29440.2,TRUE,13.754166675,-21.11041665
"1120017370","1050017360","0",323.6,5.4,7,0,0,0,0,1,44285,128070000210,1120017370,1120017370,3,0.428571428571429,323.6,TRUE,13.6202564068937,-21.1595601
"1120017390","1050017390","0",16730,29.8,129,0,0,0,0,1,44289,128080110000,1120017390,1120017390,129,1,16730,TRUE,13.4811162203507,-20.9063821
"1120017690","1050017400","0",15906.7,125.5,485,0,0,0,0,1,44524,128096111100,1120017690,1120017690,130,0.268041237113402,15906.7,TRUE,12.8270510286478,-19.3979167
"1120018110","1050018110","0",6,6,1,0,0,0,1,0,44902,1.311e+11,1120018110,1120018110,1,1,6,TRUE,11.75432695,-17.2662584
"1120018120","1050018120","0",108943,130.6,218,0,0,0,0,1,44903,131210101100,1120018120,1120018120,218,1,108943,TRUE,11.7843450291511,-17.2757319
"1121455380","1051455380","1121456990",54708.4,142,32,474.3,474.3,0,0,1,45105,131230010000,1120018120,1120018120,32,1,54708.4,TRUE,14.9521524354737,-16.72708335
"1121455270","1051455270","1121456990",24372,128.3,183,474.3,474.3,0,0,2,45106,131220100100,1120018120,1120018120,183,1,24372,TRUE,14.8644338858809,-16.73852895
"1121440140","1051440140","1121441600",6957.8,133.9,47,584.2,584.2,0,0,2,45193,131240011100,1120018120,1120018120,47,1,6957.8,TRUE,15.2562612102506,-15.93947635
"1121440050","1051440050","1121441600",43514.7,184.2,62,584.2,584.2,0,0,1,45194,131250010100,1120018120,1120018120,62,1,43514.7,TRUE,15.1686451497345,-15.93125
"1121417260","1051417260","1121418200",6992.2,70.6,53,765.1,765.1,0,0,2,45399,131260010000,1120018120,1120018120,53,1,6992.2,TRUE,14.9938271331062,-14.84166665
"1121417180","1051417180","1121418200",28326.6,229.4,1,765.2,765.2,0,0,1,45400,1.3127e+11,1120018120,1120018120,1,1,28326.6,TRUE,15.0778735514494,-14.76273415
"1121415100","1051415100","1121417180",5239.1,33.8,38,780.9,780.9,0,0,2,45414,131280010000,1120018120,1120018120,38,1,5239.1,TRUE,15.0110324359669,-14.70518095
"1121415020","1051415020","1121417180",22858.1,40.8,174,780.9,780.9,0,0,1,45415,131290100010,1120018120,1120018120,174,1,22858.1,TRUE,15.0645894638777,-14.68751415
"1120018180","1050018130","0",2173,53.1,50,0,0,0,0,1,45719,131310041100,1120018180,1120018180,15,0.3,2173,TRUE,11.8643638358323,-16.76041665
"1120018310","1050018310","0",19893.5,212.5,150,0,0,0,0,1,45761,131320100000,1120018310,1120018310,150,1,19893.5,TRUE,11.9876396927218,-15.78958335
"1120018350","1050018320","0",720.9,185.3,18,0,0,0,0,1,45919,131330004100,1120018350,1120018350,5,0.277777777777778,720.9,TRUE,12.0902226174788,-15.43764735
"1120018410","1050018410","0",10720.1,138.7,82,0,0,0,0,1,45929,131340100100,1120018410,1120018410,82,1,10720.1,TRUE,12.2828441557128,-15.18817985
"1120018600","1050018420","0",6774.6,131.2,207,0,0,0,0,1,46078,131350410100,1120018600,1120018600,55,0.265700483091787,6774.6,TRUE,12.3978968425826,-14.2628708
"1120018860","1050018860","0",15673.8,61.5,115,0,0,0,0,1,46218,131360101010,1120018860,1120018860,115,1,15673.8,TRUE,13.0183149022342,-12.91505755
"1120018990","1050018870","0",3991.7,85.1,44,0,0,0,0,1,46347,131370081000,1120018990,1120018990,29,0.659090909090909,3991.7,TRUE,13.5165850334504,-12.60833335
"1120019010","1050019010","0",16712.7,64,123,0,0,0,0,1,46377,131380101000,1120019010,1120019010,123,1,16712.7,TRUE,13.5598829318022,-12.45801195
"1120019130","1050019020","0",5623,126.2,146,0,0,0,0,1,46577,131390610110,1120019130,1120019130,46,0.315068493150685,5623,TRUE,13.8616043993467,-11.3589159
"1120019180","1050019180","0",22908.3,1.6,182,0,0,0,0,1,46646,131400110010,1120019180,1120019180,182,1,22908.3,TRUE,13.810203975,-10.86415795
"1120019210","1050019190","0",438,141.7,10,0,0,0,0,1,46830,131500002100,1120019210,1120019210,3,0.3,438,TRUE,13.847930725,-10.67447655
"1120019270","1050019270","0",22892.3,78,173,0,0,0,0,1,46838,131600100000,1120019270,1120019270,173,1,22892.3,TRUE,13.5255643263302,-10.1846232
"1120019330","1050019280","0",1306.6,230.1,26,0,0,0,0,1,47016,131700041000,1120019330,1120019330,8,0.307692307692308,1306.6,TRUE,13.4084133862355,-9.772633
"1120019420","1050019420","0",150086.5,16.7,49,0,0,0,0,1,47037,131810010010,1120019420,1120019420,49,1,150086.5,TRUE,13.1487487888344,-9.3
"1121327980","1051327980","1122155870",120655,122.3,239,179.2,179.2,0,0,1,47085,131831010100,1120019420,1120019420,239,1,120655,TRUE,14.2874354074378,-9.67644775
"1121327880","1051327880","1122155870",22934.5,160.3,176,179.4,179.4,0,0,2,47086,131820100110,1120019420,1120019420,176,1,22934.5,TRUE,14.295825771646,-9.5729167
"1121340390","1051340390","1121339470",27695.5,209.1,209,552.6,552.6,0,0,2,47428,131840101000,1120019420,1120019420,209,1,27695.5,TRUE,16.5426477405559,-10.33271195
"1121340470","1051340470","1121339470",61443.5,99.8,11,552.8,552.8,0,0,1,47429,131850001000,1120019420,1120019420,11,1,61443.5,TRUE,16.4215263779934,-10.4001418
"1121343940","1051343940","1121342020",46522.3,52.8,173,589,589,0,0,1,47479,131870100100,1120019420,1120019420,173,1,46522.3,TRUE,16.6669589272093,-10.5499326
"1121344010","1051344010","1121342020",13302.8,242.5,98,589.2,589.2,0,0,2,47480,131860100000,1120019420,1120019420,98,1,13302.8,TRUE,16.5173698214713,-10.66308745
"1121369030","1051369030","1121367520",14147.1,120.4,101,906.7,906.7,0,0,1,47901,131890100100,1120019420,1120019420,101,1,14147.1,TRUE,17.6687178663044,-12.09287435
"1121369020","1051369020","1121367520",9017,102.6,67,906.9,906.9,0,0,2,47902,131880100100,1120019420,1120019420,67,1,9017,TRUE,17.5937347468785,-12.05625
"1120019800","1050019430","0",19509.5,137.3,591,0,0,0,0,1,48542,131908101100,1120019800,1120019800,144,0.243654822335025,19509.5,TRUE,12.8991179413516,-7.1539961
"1120020040","1050020040","0",3705301.8,7.7,88,0,0,0,0,1,48751,132110101000,1120020040,1120020040,88,1,3705301.8,TRUE,12.4809330776344,-6.05920445
"1121262460","1051262460","1121262450",3687296,227.8,67,138.8,138.8,0,0,1,48816,132130011000,1120020040,1120020040,67,1,3687296,TRUE,13.5587170581355,-5.7397059
"1121262550","1051262550","1121262450",6932.5,145.4,57,138.8,138.8,0,0,2,48817,132120010100,1120020040,1120020040,57,1,6932.5,TRUE,13.52850397306,-5.8865219
"1121251800","1051251800","1121252220",3671713.8,95.4,86,285.1,285.1,0,0,1,48940,132150100010,1120020040,1120020040,86,1,3671713.8,TRUE,13.9766232431714,-5.18317325
"1121251910","1051251910","1121252220",7013.5,4.4,54,285.1,285.1,0,0,2,48941,132140011100,1120020040,1120020040,54,1,7013.5,TRUE,13.9782529105506,-5.2208333
"1121244040","1051244040","1121244130",3646036.3,110.3,171,430.3,430.3,0,0,1,49072,132170100100,1120020040,1120020040,171,1,3646036.3,TRUE,14.9265216769312,-4.7345609
"1121244140","1051244140","1121244130",14334.3,23.2,105,430.3,430.3,0,0,2,49073,132160110100,1120020040,1120020040,105,1,14334.3,TRUE,14.9102011370255,-4.78484355
"1121228520","1051228520","1121228670",3611828.3,227.6,64,610.1,610.1,0,0,1,49278,132190010000,1120020040,1120020040,64,1,3611828.3,TRUE,15.9262887165786,-3.8578325
"1121228680","1051228680","1121228670",11747.9,79.9,87,610.1,610.1,0,0,2,49279,132180100000,1120020040,1120020040,87,1,11747.9,TRUE,15.9666746169626,-3.92291665
"1121213630","1051213630","1121214640",2708456.8,50.7,502,712.4,712.4,0,0,1,49430,132301001000,1120020040,1120020040,502,1,2708456.8,TRUE,16.1686144306877,-3.1523175
"1121213640","1051213640","1121214640",894486.6,148,41,712.6,712.6,0,0,2,49431,132210011100,1120020040,1120020040,41,1,894486.6,TRUE,16.2513185816039,-3.13762715
"1121210800","1051210800","1121210860",753338.7,166.4,38,812.8,812.8,0,0,2,49605,132230010000,1120020040,1120020040,38,1,753338.7,TRUE,17.0554597861424,-3.10835925
"1121210720","1051210720","1121210860",136174.7,44.8,1039,813,813,0,0,3,49606,132221001000,1120020040,1120020040,1039,1,136174.7,TRUE,16.929636794016,-2.9649372
"1121214380","1051214380","1122108820",477509,15.3,628,872.4,872.4,0,0,2,49701,132251011100,1120020040,1120020040,628,1,477509,TRUE,17.4050352207046,-3.23275825
"1121214450","1051214450","1122108820",270904.3,135.7,2048,872.6,872.6,0,0,3,49702,132241000100,1120020040,1120020040,2048,1,270904.3,TRUE,17.4226949303188,-3.2855301
"1121174950","1051174950","1121177690",285042.8,94.9,1,954.3,954.3,0,0,2,49976,1.3241e+11,1120020040,1120020040,1,1,285042.8,TRUE,16.766426184658,-1.28897535
"1121174960","1051174960","1121177690",2355752.5,122.4,113,954.5,954.5,0,0,1,49978,132500101100,1120020040,1120020040,113,1,2355752.5,TRUE,16.8427083443754,-1.2958333
"1121173010","1051173010","1121174950",71886.2,11.2,562,966.1,966.1,0,0,3,50025,132421010000,1120020040,1120020040,562,1,71886.2,TRUE,16.7902143342924,-1.23364275
"1121173020","1051173020","1121174950",213061.6,143.1,5,966.3,966.3,0,0,2,50029,132430001100,1120020040,1120020040,5,1,213061.6,TRUE,16.852070439969,-1.1520769
"1121163830","1051163830","1121166680",182222.2,46.5,174,1030.6,1030.6,0,0,2,50272,132450110000,1120020040,1120020040,174,1,182222.2,TRUE,17.1160985526878,-0.82167885
"1121163840","1051163840","1121166680",29980.9,196.1,237,1030.8,1030.8,0,0,3,50277,132440110100,1120020040,1120020040,237,1,29980.9,TRUE,17.1763551991105,-0.83469705
"1121156960","1051156960","1121158560",1693384.5,54.1,16,1100.9,1100.9,0,0,1,50597,132710001000,1120020040,1120020040,16,1,1693384.5,TRUE,17.7645833550564,-0.5083333
"1121156950","1051156950","1121158560",648280.5,4.9,693,1100.9,1100.9,0,0,2,50598,132611010000,1120020040,1120020040,693,1,648280.5,TRUE,17.7051266738559,-0.5625
"1121142510","1051142510","1121145550",1501982.5,175,9,1196.4,1196.4,0,0,1,51200,132730001000,1120020040,1120020040,9,1,1501982.5,TRUE,18.2677083178528,0.19166665
"1121142520","1051142520","1121145550",189723.1,34.6,1455,1196.6,1196.6,0,0,2,51204,1.32721e+11,1120020040,1120020040,1455,1,189723.1,TRUE,18.2705075457968,0.03717855
"1121129350","1051129350","1121133720",1417851,133.8,1189,1268.6,1268.6,0,0,1,51724,132751010110,1120020040,1120020040,1189,1,1417851,TRUE,18.352203298893,0.7089449
"1121129360","1051129360","1121133720",82952.4,96.3,638,1268.7,1268.7,0,0,2,51728,132741011100,1120020040,1120020040,638,1,82952.4,TRUE,18.4211235066131,0.6721892
"1121235290","1051235290","1121235280",149479.5,34.7,1148,1293.6,1293.6,0,0,3,51928,132261010000,1120020040,1120020040,1148,1,149479.5,TRUE,20.4556200795647,-4.2749205
"1121235380","1051235380","1121235280",246371.9,101.9,76,1293.8,1293.8,0,0,2,51930,132270100000,1120020040,1120020040,76,1,246371.9,TRUE,20.495745310337,-4.3428082
"1121248590","1051248590","1121248300",165579.8,113.3,1219,1434.1,1434.1,0,0,2,53358,132291101100,1120020040,1120020040,1219,1,165579.8,TRUE,21.0770411198392,-5.09351585
"1121248600","1051248600","1121248300",70612.5,156,520,1434.3,1434.3,0,0,3,53359,132281001000,1120020040,1120020040,520,1,70612.5,TRUE,21.1539658436759,-5.1020833
"1121103490","1051103490","1121104830",74854,173.9,56,1477.7,1477.7,0,0,2,53845,132470010110,1120020040,1120020040,56,1,74854,TRUE,15.9958627331613,1.6656886
"1121103500","1051103500","1121104830",84196.9,138.5,643,1477.7,1477.7,0,0,3,53846,132461101000,1120020040,1120020040,643,1,84196.9,TRUE,16.1273264352291,1.71516955
"1121094100","1051094100","1121094240",39860.3,134.7,304,1615.7,1615.7,0,0,2,55357,132491001000,1120020040,1120020040,304,1,39860.3,TRUE,15.1377391429801,2.01434915
"1121093980","1051093980","1121094240",27340,0.4,215,1615.9,1615.9,0,0,3,55360,132480101000,1120020040,1120020040,215,1,27340,TRUE,15.20416665,2.04375
"1121052780","1051052780","1121056870",527728.6,105.4,542,1647.4,1647.4,0,0,2,55754,132631010000,1120020040,1120020040,542,1,527728.6,TRUE,18.5908131275399,3.7332664
"1121052770","1051052770","1121056870",31448.5,133.8,228,1647.6,1647.6,0,0,3,55757,132621011000,1120020040,1120020040,228,1,31448.5,TRUE,18.5127807592256,3.70208335
"1121015610","1051015610","1121013250",40459.9,143.9,302,1950.1,1950.1,0,0,3,59866,132641100100,1120020040,1120020040,302,1,40459.9,TRUE,19.9791446070992,5.05774095
"1121015760","1051015760","1121013250",416404.4,40.4,185,1950.3,1950.3,0,0,2,59867,132650110010,1120020040,1120020040,185,1,416404.4,TRUE,19.937625301133,4.9726451
"1121115180","1051115180","1121114530",121163.3,152,927,1992.9,1992.9,0,0,2,60437,132761100000,1120020040,1120020040,927,1,121163.3,TRUE,23.629166675,1.275
"1121115330","1051115330","1121114530",1145166.3,17.6,47,1993.1,1993.1,0,0,1,60443,132770010010,1120020040,1120020040,47,1,1145166.3,TRUE,23.5832173115306,1.20197875
"1121125060","1051125060","1121122990",1034755.8,5.9,2411,2094.1,2094.1,0,0,1,61740,132791010100,1120020040,1120020040,2411,1,1034755.8,TRUE,24.2835552804406,0.80295445
"1121125130","1051125130","1121122990",104161.5,6.3,791,2094.1,2094.1,0,0,2,61741,132781001000,1120020040,1120020040,791,1,104161.5,TRUE,24.2789900143218,0.78454555
"1121037320","1051037320","1121036570",80942.3,135,609,2254.4,2254.4,0,0,3,63392,132661100110,1120020040,1120020040,609,1,80942.3,TRUE,22.0768452620335,4.2997701
"1121037650","1051037650","1121036570",311653.2,23.6,22,2254.6,2254.6,0,0,2,63394,132670010000,1120020040,1120020040,22,1,311653.2,TRUE,22.074171136218,4.2212587
"1121040200","1051040200","1121040190",168608.1,27.1,1293,2304.3,2304.3,0,0,3,63920,1.32681e+11,1120020040,1120020040,1293,1,168608.1,TRUE,22.4594649934675,4.15809915
"1121040300","1051040300","1121040190",140155,4.7,1056,2304.4,2304.4,0,0,2,63921,132691111000,1120020040,1120020040,1056,1,140155,TRUE,22.4331306492172,4.1154382
"1121259940","1051259940","1121258800",453089.8,72.9,82,3071.9,3071.9,0,0,1,69984,132910100000,1120020040,1120020040,82,1,453089.8,TRUE,26.8789622889168,-5.66882325
"1121259950","1051259950","1121258800",266514,160.3,28,3072.1,3072.1,0,0,2,69985,132810010100,1120020040,1120020040,28,1,266514,TRUE,27.0000584597151,-5.7148107
"1121266120","1051266120","1122129990",9655.3,111.2,72,3142.8,3142.8,0,0,3,70395,132820100100,1120020040,1120020040,72,1,9655.3,TRUE,27.4047448987938,-6.06195355
"1121266020","1051266020","1122129990",252965.4,121.7,151,3143,3143,0,0,2,70397,132830101100,1120020040,1120020040,151,1,252965.4,TRUE,27.364583325,-5.93958335
"1121273600","1051273600","1121271870",430933.2,20.6,17,3169,3169,0,0,1,70530,132930001000,1120020040,1120020040,17,1,430933.2,TRUE,26.9876187343566,-6.43985035
"1121273520","1051273520","1121271870",11312.4,51.2,83,3169,3169,0,0,2,70531,132920101000,1120020040,1120020040,83,1,11312.4,TRUE,26.9317927982952,-6.43904895
"1121279010","1051279010","1121276820",165265,70.1,1268,3208.2,3208.2,0,0,2,70690,132941010100,1120020040,1120020040,1268,1,165265,TRUE,26.9667729481691,-6.79791665
"1121279020","1051279020","1121276820",263088.7,118.7,389,3208.4,3208.4,0,0,1,70691,132951010100,1120020040,1120020040,389,1,263088.7,TRUE,27.0309697792171,-6.74446335
"1121265610","1051265610","1121265420",175034.5,204.4,49,3440.1,3440.1,0,0,2,71702,132850010000,1120020040,1120020040,49,1,175034.5,TRUE,29.5120050931034,-5.95392215
"1121265730","1051265730","1121265420",59911.4,61.7,461,3440.3,3440.3,0,0,3,71703,132841010100,1120020040,1120020040,461,1,59911.4,TRUE,29.4530396566653,-6.02534115
"1121259210","1051259210","1121259820",133507.3,245.4,102,3490.1,3490.1,0,0,2,71927,132870100100,1120020040,1120020040,102,1,133507.3,TRUE,29.6710824761837,-5.5265828
"1121259200","1051259200","1121259820",35580.7,167.2,282,3490.3,3490.3,0,0,3,71930,132861000100,1120020040,1120020040,282,1,35580.7,TRUE,29.5617564240861,-5.52217815
"1121315930","1051315930","1121314770",182972.6,19.1,801,3647.4,3647.4,0,0,1,72854,132971110000,1120020040,1120020040,801,1,182972.6,TRUE,28.7753866830275,-8.91015305
"1121315940","1051315940","1121314770",27097.3,135.8,204,3647.4,3647.4,0,0,2,72855,132960101100,1120020040,1120020040,204,1,27097.3,TRUE,28.8812704191483,-8.96944445
"1121250790","1051250790","1121251190",66866.9,97,507,3688.8,3688.8,0,0,3,73105,132881001100,1120020040,1120020040,507,1,66866.9,TRUE,30.7593220310498,-5.16759525
"1121250830","1051250830","1121251190",53172,111.8,397,3689,3689,0,0,2,73106,132891001100,1120020040,1120020040,397,1,53172,TRUE,30.7497944351285,-5.2097231
"1121366570","1051366570","1121368090",18273.3,197.1,147,4333.9,4333.9,0,0,2,76255,132980100000,1120020040,1120020040,147,1,18273.3,TRUE,29.7802653221813,-11.7662269
"1121366720","1051366720","1121368090",63620.9,151.8,475,4334.1,4334.1,0,0,1,76256,132991010000,1120020040,1120020040,475,1,63620.9,TRUE,29.8868762287981,-11.83241255
"1120020150","1050020050","0",13053.6,137.6,151,0,0,0,0,1,77045,133100410100,1120020150,1120020150,96,0.635761589403974,13053.6,TRUE,12.214583325,-5.27916665
"1120020240","1050020240","0",59760.5,138.5,458,0,0,0,0,1,77178,133201100100,1120020240,1120020240,458,1,59760.5,TRUE,11.7477682885402,-4.4224954
"1120020420","1050020250","0",25075.3,147.3,405,0,0,0,0,1,77704,133302100000,1120020420,1120020420,188,0.464197530864198,25075.3,TRUE,10.308622437309,-2.947633
"1120020570","1050020570","0",215217.5,85.8,84,0,0,0,0,1,78041,133410100100,1120020570,1120020570,84,1,215217.5,TRUE,8.96929499530787,-1.01597225
"1121157490","1051157490","1121158330",171926.1,3.6,100,197.5,197.5,0,0,1,78123,133430100000,1120020570,1120020570,100,1,171926.1,TRUE,10.2832438,-0.5928951
"1121157500","1051157500","1121158330",32636.7,107.7,250,197.7,197.7,0,0,2,78124,133421001000,1120020570,1120020570,250,1,32636.7,TRUE,10.355992507829,-0.5928951
"1121145820","1051145820","1121146760",147694.8,51.9,136,317,317,0,0,1,78212,133450101000,1120020570,1120020570,136,1,147694.8,TRUE,11.0047417267619,-0.1062248
"1121145730","1051145730","1121146760",11257.2,125.2,83,317,317,0,0,2,78213,133440101000,1120020570,1120020570,83,1,11257.2,TRUE,10.9126184288759,-0.02708335
"1121147340","1051147340","1121146230",67140.4,123.4,511,484.8,484.8,0,0,2,78504,133461010000,1120020570,1120020570,511,1,67140.4,TRUE,12.1707198457689,-0.2083333
"1121147350","1051147350","1121146230",63201.4,43.5,294,485,485,0,0,1,78505,133471000100,1120020570,1120020570,294,1,63201.4,TRUE,12.2082368863523,-0.137393
"1121115250","1051115250","1121115850",10150.8,26.8,82,756.5,756.5,0,0,2,79121,133480111000,1120020570,1120020570,82,1,10150.8,TRUE,13.2209454155177,1.22606115
"1121115150","1051115150","1121115850",14421.5,90.9,109,756.7,756.7,0,0,1,79122,133490100100,1120020570,1120020570,109,1,14421.5,TRUE,13.1767527583802,1.2816513
"1120020870","1050020580","0",7154.8,3.1,154,0,0,0,0,1,79760,133510810100,1120020870,1120020870,56,0.363636363636364,7154.8,TRUE,9.92717596484154,0.18541665
"1120021110","1050021110","0",7433.1,88.7,57,0,0,0,0,1,79844,133520010000,1120021110,1120021110,57,1,7433.1,TRUE,9.73054218863996,1.0331916
"1120021130","1050021120","0",690.6,105.8,15,0,0,0,0,1,79902,133530002110,1120021130,1120021130,4,0.266666666666667,690.6,TRUE,9.63739551147961,1.1412462
"1120021220","1050021220","0",13559.5,70.2,105,0,0,0,0,1,79916,133540101000,1120021220,1120021220,105,1,13559.5,TRUE,9.67516012302129,1.54103005
"1120021320","1050021230","0",700.4,118.8,19,0,0,0,0,1,80034,133550008110,1120021320,1120021320,5,0.263157894736842,700.4,TRUE,9.84592729229734,2.09656525
"1120021340","1050021340","0",30962.8,55.3,236,0,0,0,0,1,80040,133561010000,1120021340,1120021340,236,1,30962.8,TRUE,9.8401127161787,2.32496845
"1120021410","1050021350","0",5558.9,1.7,77,0,0,0,0,1,80309,133570611000,1120021410,1120021410,42,0.545454545454545,5558.9,TRUE,9.937529275,3.2043942
"1120021440","1050021440","0",27887,120.7,205,0,0,0,0,1,80353,133580101000,1120021440,1120021440,205,1,27887,TRUE,9.92579462562577,3.3255751
"1120021460","1050021450","0",169.9,169.9,5,0,0,0,0,1,80559,133590000200,1120021460,1120021460,1,0.2,169.9,TRUE,9.8858370140067,3.42193855
"1120021500","1050021500","0",133624.4,58.5,86,0,0,0,0,1,80563,133610110100,1120021500,1120021500,86,1,133624.4,TRUE,9.69583642774121,3.5533039
"1121032360","1051032360","1121034010",43209,153.7,335,258.6,258.6,0,0,2,80640,133621000100,1120021500,1120021500,335,1,43209,TRUE,11.3020833514974,4.48958335
"1121032520","1051032520","1121034010",79657.9,130.7,213,258.8,258.8,0,0,1,80641,133630110100,1120021500,1120021500,213,1,79657.9,TRUE,11.3374073123824,4.4354167
"1121004170","1051004170","1122034640",30612.8,51.5,74,618.8,618.8,0,0,1,81134,133650101000,1120021500,1120021500,74,1,30612.8,TRUE,13.3855676038776,5.37795445
"1121004180","1051004180","1122034640",20267.6,66.6,158,618.8,618.8,0,0,2,81135,133640100100,1120021500,1120021500,158,1,20267.6,TRUE,13.4322587094714,5.33737285
"1120967880","1050967880","1120970510",7985.7,102.6,57,791,791,0,0,2,81325,133660010000,1120021500,1120021500,57,1,7985.7,TRUE,12.7805707758503,6.38644815
"1120967890","1050967890","1120970510",12391.8,234.3,13,791.1,791.1,0,0,1,81326,133670001000,1120021500,1120021500,13,1,12391.8,TRUE,12.8768954120904,6.3721481
"1120955790","1050955790","1120956420",5824.1,34.8,48,880.7,880.7,0,0,2,81440,133680010010,1120021500,1120021500,48,1,5824.1,TRUE,13.4061573630002,6.65625
"1120955650","1050955650","1120956420",4595.9,130.1,34,880.7,880.7,0,0,1,81441,133690010000,1120021500,1120021500,34,1,4595.9,TRUE,13.3499249836822,6.7093852
"1120021620","1050021510","0",12236,121.2,261,0,0,0,0,1,81615,133704100100,1120021620,1120021620,95,0.363984674329502,12236,TRUE,9.72931616741534,4.08812135
"1120021910","1050021910","0",52698.7,65.5,415,0,0,0,0,1,81842,133801010100,1120021910,1120021910,415,1,52698.7,TRUE,8.20833334669702,4.8979167
"1120021930","1050021920","0",209.5,209.5,2,0,0,0,0,1,82258,133900000200,1120021930,1120021930,1,0.5,209.5,TRUE,8.21956202708989,4.68333335
"1120022020","1050021940","0",7900.4,19.3,188,0,0,0,0,1,82295,141000410000,1120022020,1120022020,59,0.313829787234043,7900.4,TRUE,7.53718812998322,4.56772785
"1120022420","1050022420","0",2098663.8,237.8,225,0,0,0,0,1,82447,142100110000,1120022420,1120022420,225,1,2098663.8,TRUE,6.06138745373269,4.53279185
"1120909890","1050909890","1121997920",1730224.9,0.6,24,509.9,509.9,0,0,1,82653,142310001000,1120022420,1120022420,24,1,1730224.9,TRUE,6.7510417,7.7833333
"1120909900","1050909900","1121997920",338967.7,38.2,295,510.1,510.1,0,0,2,82654,142211010000,1120022420,1120022420,295,1,338967.7,TRUE,6.7852485628869,7.78958335
"1120892990","1050892990","1120895070",1712299,24.4,150,562.8,562.8,0,0,1,82707,142330100000,1120022420,1120022420,150,1,1712299,TRUE,6.6863333107118,8.20816275
"1120893000","1050893000","1120895070",15285.6,81.8,120,562.8,562.8,0,0,2,82708,142320100100,1120022420,1120022420,120,1,15285.6,TRUE,6.75064044802708,8.19982285
"1120870170","1050870170","1121979840",1625808.6,96.9,195,707.9,707.9,0,0,1,82925,142350101000,1120022420,1120022420,195,1,1625808.6,TRUE,5.76665342066399,8.72927365
"1120870030","1050870030","1121979840",65667.3,137.5,490,708.1,708.1,0,0,2,82926,142341011100,1120022420,1120022420,490,1,65667.3,TRUE,5.81855469416326,8.8197659
"1120909040","1050909040","1120910440",23061.4,121.4,177,788.7,788.7,0,0,3,83172,142220110110,1120022420,1120022420,177,1,23061.4,TRUE,8.92483660162243,7.7567316
"1120908780","1050908780","1120910440",277429.3,98.7,181,788.9,788.9,0,0,2,83173,142230110000,1120022420,1120022420,181,1,277429.3,TRUE,8.9311119307151,7.80893895
"1120845560","1050845560","1121970810",1589735.8,104.1,18,879,879,0,0,1,83441,142370001100,1120022420,1120022420,18,1,1589735.8,TRUE,4.52941773121482,9.37291665
"1120846020","1050846020","1121970810",10081,109.4,78,879,879,0,0,2,83442,142360100100,1120022420,1120022420,78,1,10081,TRUE,4.57280048976757,9.2930181
"1120827040","1050827040","1120827420",1575805.9,14.1,254,935.7,935.7,0,0,1,83671,1.42391e+11,1120022420,1120022420,254,1,1575805.9,TRUE,4.62139677775413,9.8008711
"1120827030","1050827030","1120827420",11692.2,151.3,91,935.9,935.9,0,0,2,83673,142380101100,1120022420,1120022420,91,1,11692.2,TRUE,4.5389672206327,9.8172541
"1120887720","1050887720","1120890020",233149.7,186.8,51,940,940,0,0,2,83694,142250010000,1120022420,1120022420,51,1,233149.7,TRUE,10.064445760729,8.375
"1120888070","1050888070","1120890020",19972.1,83.1,157,940,940,0,0,3,83695,142240100100,1120022420,1120022420,157,1,19972.1,TRUE,10.0514765284087,8.2949839
"1120874630","1050874630","1120877900",204322.2,23,299,998.8,998.8,0,0,2,83934,142271001000,1120022420,1120022420,299,1,204322.2,TRUE,10.2561443413181,8.6658505
"1120874640","1050874640","1120877900",22071.9,114.9,168,999,999,0,0,3,83936,142260101110,1120022420,1120022420,168,1,22071.9,TRUE,10.3113367428572,8.617589
"1120760290","1050760290","1121937370",182447.1,204,96,1173.3,1173.3,0,0,2,84885,142410100000,1120022420,1120022420,96,1,182447.1,TRUE,4.18973693363476,11.45839695
"1120760280","1050760280","1121937370",1360282.5,174.8,5,1173.4,1173.4,0,0,1,84886,142510000100,1120022420,1120022420,5,1,1360282.5,TRUE,4.06616264869794,11.44184335
"1120755820","1050755820","1120757130",1355608.8,65.1,27,1198.4,1198.4,0,0,1,84998,142530010100,1120022420,1120022420,27,1,1355608.8,TRUE,3.96162033071611,11.55409865
"1120755960","1050755960","1120757130",4039.2,84.5,30,1198.4,1198.4,0,0,2,84999,142520010000,1120022420,1120022420,30,1,4039.2,TRUE,3.94277288126485,11.45
"1120747640","1050747640","1120749470",1280657.5,171.2,4,1252.7,1252.7,0,0,1,85245,142550000110,1120022420,1120022420,4,1,1280657.5,TRUE,3.51681494107793,11.72929255
"1120747470","1050747470","1120749470",71457,102.9,518,1252.7,1252.7,0,0,2,85246,142541001000,1120022420,1120022420,518,1,71457,TRUE,3.63652009124498,11.77455625
"1120839560","1050839560","1120838280",113151.9,102.3,853,1264.8,1264.8,0,0,3,85282,142281001000,1120022420,1120022420,853,1,113151.9,TRUE,12.056554199032,9.44230155
"1120839280","1050839280","1120838280",52867.8,211.4,409,1265,1265,0,0,2,85284,142291001000,1120022420,1120022420,409,1,52867.8,TRUE,12.0591889430382,9.57083335
"1120736270","1050736270","1120741610",152004,235.4,116,1269.3,1269.3,0,0,2,85319,142430101000,1120022420,1120022420,116,1,152004,TRUE,3.98963701688383,12.08333335
"1120736280","1050736280","1120741610",17403.4,137.1,130,1269.5,1269.5,0,0,3,85321,142420100100,1120022420,1120022420,130,1,17403.4,TRUE,4.12497584245709,12.0956885
"1120742280","1050742280","1120742690",13583.2,150.8,100,1284.3,1284.3,0,0,2,85370,142560100100,1120022420,1120022420,100,1,13583.2,TRUE,3.39809261422507,11.79583335
"1120742220","1050742220","1120742690",1266567.5,48.6,3,1284.5,1284.5,0,0,1,85371,142570000100,1120022420,1120022420,3,1,1266567.5,TRUE,3.38089351158164,11.90849335
"1120741300","1050741300","1120742150",1252304.6,126.7,33,1300.4,1300.4,0,0,1,85442,142590010100,1120022420,1120022420,33,1,1252304.6,TRUE,3.26304639985326,11.97896645
"1120741380","1050741380","1120742150",13974.6,5.6,111,1300.4,1300.4,0,0,2,85443,142580100100,1120022420,1120022420,111,1,13974.6,TRUE,3.28682738131986,11.9133711
"1120722720","1050722720","1120723590",726920.2,28.2,449,1383.1,1383.1,0,0,1,85777,1.42711e+11,1120022420,1120022420,449,1,726920.2,TRUE,2.79596701301534,12.43125
"1120722570","1050722570","1120723590",520941.9,88.8,112,1383.1,1383.1,0,0,2,85778,142610100100,1120022420,1120022420,112,1,520941.9,TRUE,2.84064578760115,12.46247
"1120694130","1050694130","1121909440",12364.4,42.8,97,1505.6,1505.6,0,0,3,86463,142440100100,1120022420,1120022420,97,1,12364.4,TRUE,5.2609750389017,13.06473915
"1120694020","1050694020","1121909440",124660.3,95.9,47,1505.8,1505.8,0,0,2,86464,142450010000,1120022420,1120022420,47,1,124660.3,TRUE,5.27921562514434,13.1479167
"1120669460","1050669460","1120673120",41626.8,123.5,325,1549.5,1549.5,0,0,3,86780,142621101100,1120022420,1120022420,325,1,41626.8,TRUE,2.97170241830078,13.825
"1120669470","1050669470","1120673120",464197.7,116.9,1277,1549.7,1549.7,0,0,2,86782,142631100000,1120022420,1120022420,1277,1,464197.7,TRUE,3.03211981406148,13.8207117
"1120680300","1050680300","1120681090",86942.1,54.2,1,1586.6,1586.6,0,0,2,87045,1.4247e+11,1120022420,1120022420,1,1,86942.1,TRUE,5.73124997306364,13.52291665
"1120680480","1050680480","1120681090",31108,49.9,230,1586.6,1586.6,0,0,3,87046,142461001000,1120022420,1120022420,230,1,31108,TRUE,5.756108175,13.47806145
"1120677950","1050677950","1120680300",47957,91.5,361,1595.7,1595.7,0,0,2,87137,142491010000,1120022420,1120022420,361,1,47957,TRUE,5.73025075718432,13.5875
"1120677960","1050677960","1120680300",38930.9,129,297,1595.9,1595.9,0,0,3,87139,142481010100,1120022420,1120022420,297,1,38930.9,TRUE,5.84786761057518,13.5896903
"1120668450","1050668450","1120670670",626523.4,0.6,236,1656.2,1656.2,0,0,1,87624,142731000100,1120022420,1120022420,236,1,626523.4,TRUE,1.6564153,13.7870502
"1120668760","1050668760","1120670670",39260.9,102.8,306,1656.2,1656.2,0,0,2,87625,142721001100,1120022420,1120022420,306,1,39260.9,TRUE,1.59167257960807,13.724893
"1120635020","1050635020","1120636200",541106.8,224,179,1806.1,1806.1,0,0,1,88829,142750101000,1120022420,1120022420,179,1,541106.8,TRUE,0.891663905612622,14.78541665
"1120635010","1050635010","1120636200",54137.9,151.8,410,1806.3,1806.3,0,0,2,88832,142741001000,1120022420,1120022420,410,1,54137.9,TRUE,0.831249975,14.73125
"1120577750","1050577750","1120582050",429898.9,248,718,2071.5,2071.5,0,0,1,90892,142771101000,1120022420,1120022420,718,1,429898.9,TRUE,-0.0558911558099985,16.36875
"1120577760","1050577760","1120582050",87304.7,136.9,652,2071.7,2071.7,0,0,2,90897,142761000100,1120022420,1120022420,652,1,87304.7,TRUE,0.0173847928298725,16.28519405
"1120515770","1050515770","1120517780",243693.8,113.1,231,2224.1,2224.1,0,0,2,91691,1.42651e+11,1120022420,1120022420,231,1,243693.8,TRUE,5.38508487416521,18.0076951
"1120515500","1050515500","1120517780",62453.3,172.7,478,2224.1,2224.1,0,0,3,91692,142641001100,1120022420,1120022420,478,1,62453.3,TRUE,5.34012500188722,18.10886115
"1120514030","1050514030","1120514190",39808.1,162.3,328,2296.7,2296.7,0,0,3,92049,142661001100,1120022420,1120022420,328,1,39808.1,TRUE,5.95207645730236,17.9883573
"1120513910","1050513910","1120514190",174551.8,116.6,1,2296.9,2296.9,0,0,2,92050,1.4267e+11,1120022420,1120022420,1,1,174551.8,TRUE,5.92268700964584,18.10941345
"1120513230","1050513230","1120513910",65443.9,126.5,500,2307.2,2307.2,0,0,3,92105,142681010100,1120022420,1120022420,500,1,65443.9,TRUE,6.06277139076377,18.05366855
"1120513090","1050513090","1120513910",108991.2,205.3,858,2307.4,2307.4,0,0,2,92107,142691011000,1120022420,1120022420,858,1,108991.2,TRUE,5.99860653073377,18.17528365
"1120603890","1050603890","1121870490",303671.3,4.8,219,2771.8,2771.8,0,0,1,94920,142790101000,1120022420,1120022420,219,1,303671.3,TRUE,-4.34934077012415,15.5612433
"1120603880","1050603880","1121870490",32990.8,124.4,242,2772,2772,0,0,2,94923,142781010100,1120022420,1120022420,242,1,32990.8,TRUE,-4.46029604456587,15.5987716
"1120641670","1050641670","1121886020",129494.4,1.6,73,2943.4,2943.4,0,0,2,95570,142810100100,1120022420,1120022420,73,1,129494.4,TRUE,-4.20042181751372,14.50159945
"1120641660","1050641660","1121886020",145807.1,124.9,4,2943.6,2943.6,0,0,1,95571,142910000100,1120022420,1120022420,4,1,145807.1,TRUE,-4.27390465715312,14.4625
"1120651900","1050651900","1121890140",135568.4,1.2,82,2996.1,2996.1,0,0,1,95809,142930100000,1120022420,1120022420,82,1,135568.4,TRUE,-4.500828975,14.2287413
"1120652110","1050652110","1121890140",9718.9,41,69,2996.1,2996.1,0,0,2,95810,142920100100,1120022420,1120022420,69,1,9718.9,TRUE,-4.50624994875148,14.171386
"1120682900","1050682900","1121903600",112987.1,77.1,15,3135.4,3135.4,0,0,2,96189,142830001000,1120022420,1120022420,15,1,112987.1,TRUE,-4.89694542068666,13.38352975
"1120683010","1050683010","1121903600",6954.8,85.3,55,3135.4,3135.4,0,0,3,96190,142820010000,1120022420,1120022420,55,1,6954.8,TRUE,-4.78175575676261,13.3679132
"1120689850","1050689850","1120689210",102429,208.2,49,3226.7,3226.7,0,0,2,96391,142850010100,1120022420,1120022420,49,1,102429,TRUE,-5.65639795362206,13.2116289
"1120690130","1050690130","1120689210",8385.2,123.7,64,3226.7,3226.7,0,0,3,96392,142840010100,1120022420,1120022420,64,1,8385.2,TRUE,-5.56660765713304,13.1645833
"1120710240","1050710240","1120708810",76216.9,121.5,4,3373.3,3373.3,0,0,2,96607,142870000110,1120022420,1120022420,4,1,76216.9,TRUE,-6.48854169653353,12.74166665
"1120710380","1050710380","1120708810",19653.5,77.5,151,3373.3,3373.3,0,0,3,96608,142860111000,1120022420,1120022420,151,1,19653.5,TRUE,-6.38699913131581,12.68194445
"1120696660","1050696660","1120693600",4953.2,57.5,37,3385.9,3385.9,0,0,2,96622,142940010000,1120022420,1120022420,37,1,4953.2,TRUE,-7.37928941218274,13.09177365
"1120696830","1050696830","1120693600",119259,86.9,71,3386.1,3386.1,0,0,1,96623,142950101000,1120022420,1120022420,71,1,119259,TRUE,-7.39977239507341,13.0031886
"1120715100","1050715100","1120712910",32653.7,9.3,244,3398.7,3398.7,0,0,2,96635,142891010000,1120022420,1120022420,244,1,32653.7,TRUE,-6.58533753240407,12.59791665
"1120715340","1050715340","1120712910",43099.6,29.9,322,3398.7,3398.7,0,0,3,96636,142881010000,1120022420,1120022420,322,1,43099.6,TRUE,-6.56687553285382,12.56335655
"1120737100","1050737100","1120736230",76421.9,131,58,3571.7,3571.7,0,0,1,96900,142970010110,1120022420,1120022420,58,1,76421.9,TRUE,-8.38351717149124,11.95625005
"1120737110","1050737110","1120736230",33397.9,17.8,255,3571.8,3571.8,0,0,2,96901,142961001000,1120022420,1120022420,255,1,33397.9,TRUE,-8.2998865125425,12.00502275
"1120761260","1050761260","1121935020",19350.2,133.2,141,3703.6,3703.6,0,0,1,97196,142990101000,1120022420,1120022420,141,1,19350.2,TRUE,-9.20416665,11.35833335
"1120761270","1050761270","1121935020",48725.2,8,357,3703.8,3703.8,0,0,2,97197,142981001000,1120022420,1120022420,357,1,48725.2,TRUE,-9.14131297664331,11.35110525
"1120022890","1050022430","0",9269.9,43.4,197,0,0,0,0,1,98386,143010810000,1120022890,1120022890,76,0.385786802030457,9269.9,TRUE,5.32696988311806,5.9333333
"1120022910","1050022910","0",14099.3,121.8,106,0,0,0,0,1,98463,143020101000,1120022910,1120022910,106,1,14099.3,TRUE,5.25725868959004,5.98320615
"1120022950","1050022920","0",6836.9,99.9,80,0,0,0,0,1,98572,143030410100,1120022950,1120022950,49,0.6125,6836.9,TRUE,5.11322157212611,5.86915105
"1120023020","1050023020","0",48394.1,11.8,369,0,0,0,0,1,98649,143041000100,1120023020,1120023020,369,1,48394.1,TRUE,3.39773477443222,6.42721845
"1120023030","1050023030","0",161.5,161.5,2,0,0,0,1,0,99018,143050000010,1120023030,1120023030,1,0.5,161.5,TRUE,3.20215616179475,6.43265785
"1120023050","1050023050","0",59907.9,16,452,0,0,0,0,1,99020,143061010000,1120023050,1120023050,452,1,59907.9,TRUE,2.43363159998616,6.3777093
"1120023100","1050023060","0",3663,136.7,36,0,0,0,0,1,99476,143070041110,1120023100,1120023100,30,0.833333333333333,3663,TRUE,2.01312627309214,6.3694444
"1120023130","1050023130","0",24089.2,1.3,175,0,0,0,0,1,99508,143080110000,1120023130,1120023130,175,1,24089.2,TRUE,1.838376375,6.2870502
"1120023180","1050023140","0",7220.6,58.5,76,0,0,0,0,1,99687,143090210000,1120023180,1120023180,54,0.710526315789474,7220.6,TRUE,1.62753190255653,6.278125
"1120023300","1050023300","0",412648.8,129.7,267,0,0,0,0,1,99759,1.44101e+11,1120023300,1120023300,267,1,412648.8,TRUE,0.637954685296005,5.8773179
"1120915980","1050915980","1120920850",301109.7,175.8,274,280.1,280.1,0,0,1,99947,144301000100,1120023300,1120023300,274,1,301109.7,TRUE,0.0424361324862411,7.62051735
"1120915990","1050915990","1120920850",75691.8,23.9,570,280.1,280.1,0,0,2,99948,144201110100,1120023300,1120023300,570,1,75691.8,TRUE,0.1231385,7.6267291
"1120873650","1050873650","1121981930",111517.5,100.8,33,466.9,466.9,0,0,2,100212,144410010110,1120023300,1120023300,33,1,111517.5,TRUE,-0.995870356662304,8.715391
"1120873640","1050873640","1121981930",154022.9,146.6,401,467,467,0,0,1,100214,144501010000,1120023300,1120023300,401,1,154022.9,TRUE,-1.072916675,8.6875
"1120842700","1050842700","1120843280",5999.9,28.7,48,582.3,582.3,0,0,3,100426,144420010100,1120023300,1120023300,48,1,5999.9,TRUE,-1.38333335,9.38333335
"1120842500","1050842500","1120843280",100971.9,139.2,67,582.5,582.5,0,0,2,100427,144430010100,1120023300,1120023300,67,1,100971.9,TRUE,-1.42615360720198,9.44166665
"1120821060","1050821060","1120821900",5351.5,88.7,42,703.5,703.5,0,0,3,100665,144440011100,1120023300,1120023300,42,1,5351.5,TRUE,-0.936907568030187,9.9707374
"1120820780","1050820780","1120821900",87314.1,0.4,10,703.5,703.5,0,0,2,100666,144450001000,1120023300,1120023300,10,1,87314.1,TRUE,-1.008546025,9.9150088
"1120803510","1050803510","1120808600",23789.4,1.7,186,779.4,779.4,0,0,3,100805,144460100100,1120023300,1120023300,186,1,23789.4,TRUE,-1.083245,10.32204555
"1120803360","1050803360","1120808600",62224.3,175.2,39,779.6,779.6,0,0,2,100806,144470010100,1120023300,1120023300,39,1,62224.3,TRUE,-0.961507722031261,10.42522295
"1120792830","1050792830","1121949030",11401.9,119.8,87,916.2,916.2,0,0,3,101141,144480111100,1120023300,1120023300,87,1,11401.9,TRUE,-0.546873445583174,10.64987285
"1120792840","1050792840","1121949030",45482.3,246.3,347,916.4,916.4,0,0,2,101142,144491010000,1120023300,1120023300,347,1,45482.3,TRUE,-0.428754323469797,10.6436278
"1120786860","1050786860","1121948100",15300.9,191.5,116,1091.6,1091.6,0,0,2,101637,144600110000,1120023300,1120023300,116,1,15300.9,TRUE,-2.97700039561697,10.7802341
"1120786690","1050786690","1121948100",86226.4,37.8,259,1091.8,1091.8,0,0,1,101638,144701010000,1120023300,1120023300,259,1,86226.4,TRUE,-2.9177446796141,10.74581875
"1120709030","1050709030","1121916260",31187.9,163,236,1480,1480,0,0,2,102459,144801010000,1120023300,1120023300,236,1,31187.9,TRUE,-3.43530484939184,12.81556145
"1120709280","1050709280","1121916260",20527,170.2,150,1480.2,1480.2,0,0,1,102460,144900100000,1120023300,1120023300,150,1,20527,TRUE,-3.4917234680455,12.7562373
"1120023840","1050023310","0",28153.1,3.2,572,0,0,0,0,1,103243,145108100010,1120023840,1120023840,215,0.375874125874126,28153.1,TRUE,-3.27942273144144,5.15524685
"1120023890","1050023890","0",83109,23.4,606,0,0,0,0,1,103462,145201100000,1120023890,1120023890,606,1,83109,TRUE,-3.70955148145822,5.20861695
"1120023920","1050023900","0",11003.8,64.3,88,0,0,0,0,1,104070,145300211000,1120023920,1120023920,84,0.954545454545455,11003.8,TRUE,-4.02618886815522,5.28333335
"1120023950","1050023950","0",99252.9,116.3,758,0,0,0,0,1,104156,145401010110,1120023950,1120023950,758,1,99252.9,TRUE,-4.94864272171561,5.2162268
"1120023980","1050023960","0",8019.9,114.3,98,0,0,0,0,1,104916,145500210000,1120023980,1120023980,63,0.642857142857143,8019.9,TRUE,-5.02917899997882,5.2130432
"1120024070","1050024070","0",75334.5,90.9,564,0,0,0,0,1,105012,145601100000,1120024070,1120024070,564,1,75334.5,TRUE,-6.1521846563869,4.97970325
"1120024150","1050024080","0",3384.8,139.9,68,0,0,0,0,1,105591,145710041000,1120024150,1120024150,23,0.338235294117647,3384.8,TRUE,-6.66461019807215,4.80208335
"1120024310","1050024310","0",29623.1,102.2,226,0,0,0,0,1,105644,145720111100,1120024310,1120024310,226,1,29623.1,TRUE,-7.54351598542606,4.4279865
"1120024770","1050024320","0",16227.5,81.1,443,0,0,0,0,1,106146,145736101100,1120024770,1120024770,119,0.2686230248307,16227.5,TRUE,-10.0352933455156,5.99375
"1120024870","1050024870","0",20407.4,112.4,152,0,0,0,0,1,106313,145740110100,1120024870,1120024870,152,1,20407.4,TRUE,-10.7436232179807,6.4088672
"1120024920","1050024880","0",10494.6,121.7,160,0,0,0,0,1,106474,145750210100,1120024920,1120024920,77,0.48125,10494.6,TRUE,-11.068593478681,6.6395833
"1120025000","1050025000","0",19649.5,81.7,151,0,0,0,0,1,106625,145760101000,1120025000,1120025000,151,1,19649.5,TRUE,-11.5496962423228,7.00864205
"1120025450","1050025010","0",18627.3,98.8,923,0,0,0,0,1,107112,145774101000,1120025450,1120025450,134,0.145178764897075,18627.3,TRUE,-13.0258021753252,8.8583333
"1120026210","1050026210","0",24399.9,175.6,185,0,0,0,0,1,107699,145780110000,1120026210,1120026210,185,1,24399.9,TRUE,-15.0207914701938,11.8729167
"1120026610","1050026220","0",14867.3,30.8,366,0,0,0,0,1,108080,145798100000,1120026610,1120026610,112,0.306010928961749,14867.3,TRUE,-16.3454014721657,12.55995685
"1120026800","1050026800","0",72617,125.7,541,0,0,0,0,1,108239,145801100110,1120026800,1120026800,541,1,72617,TRUE,-16.0805059404385,13.4011238
"1120027020","1050026820","0",32922.5,4.1,320,0,0,0,0,1,108812,145902100000,1120027020,1120027020,249,0.778125,32922.5,TRUE,-16.5782750733353,14.05856745
"1120027410","1050027410","0",443989.5,3.2,40,0,0,0,0,1,109111,146100010000,1120027410,1120027410,40,1,443989.5,TRUE,-16.4639736437044,16.05775825
"1120571730","1050571730","1120570760",393519.7,114.9,58,146.2,146.2,0,0,1,109148,146310010000,1120027410,1120027410,58,1,393519.7,TRUE,-15.6146976408041,16.5056532
"1120571900","1050571900","1120570760",45291.5,25.9,329,146.3,146.3,0,0,2,109149,146201101000,1120027410,1120027410,329,1,45291.5,TRUE,-15.7109947630221,16.4505746
"1120565160","1050565160","1120568000",379222.6,150.3,86,255.3,255.3,0,0,1,109221,146330100100,1120027410,1120027410,86,1,379222.6,TRUE,-14.9436891178951,16.6587304
"1120565270","1050565270","1120568000",6609.6,188,48,255.4,255.4,0,0,2,109222,146320010000,1120027410,1120027410,48,1,6609.6,TRUE,-14.9581038382749,16.6
"1120583270","1050583270","1120582190",345456.5,116.9,30,533.8,533.8,0,0,1,109563,146350010100,1120027410,1120027410,30,1,345456.5,TRUE,-13.4877106376306,16.08027195
"1120583100","1050583100","1120582190",21669.5,67.5,165,534,534,0,0,2,109564,146340101000,1120027410,1120027410,165,1,21669.5,TRUE,-13.4707523667859,16.18541665
"1120606570","1050606570","1121873120",6107.8,151.6,50,676.8,676.8,0,0,2,109758,146360010110,1120027410,1120027410,50,1,6107.8,TRUE,-12.9259114055777,15.54581865
"1120606740","1050606740","1121873120",335269.5,95.9,56,677,677,0,0,1,109760,146370010100,1120027410,1120027410,56,1,335269.5,TRUE,-12.9690253149363,15.4328218
"1120631860","1050631860","1120631370",297769,104.3,6,832.3,832.3,0,0,1,109961,146390000100,1120027410,1120027410,6,1,297769,TRUE,-12.2166666445885,14.82916665
"1120632050","1050632050","1120631370",29992.9,178.6,215,832.3,832.3,0,0,2,109962,146380111000,1120027410,1120027410,215,1,29992.9,TRUE,-12.20235854407,14.69529895
"1120633360","1050633360","1120631720",42008.4,153.2,348,855.2,855.2,0,0,2,109979,146401100110,1120027410,1120027410,348,1,42008.4,TRUE,-12.0185857811552,14.7897105
"1120633540","1050633540","1120631720",255072.1,100.6,33,855.4,855.4,0,0,1,109980,146500010100,1120027410,1120027410,33,1,255072.1,TRUE,-12.0289571076844,14.6875
"1120644790","1050644790","1120644270",102685.1,95.5,104,941.7,941.7,0,0,2,110064,146610100100,1120027410,1120027410,104,1,102685.1,TRUE,-11.34768003834,14.4728531
"1120644920","1050644920","1120644270",148278.6,58.2,53,941.9,941.9,0,0,1,110065,146700011100,1120027410,1120027410,53,1,148278.6,TRUE,-11.3769906743807,14.3895833
"1120667360","1050667360","1120666890",102170.6,17.3,88,1076.4,1076.4,0,0,1,110275,146910100100,1120027410,1120027410,88,1,102170.6,TRUE,-10.8020633575897,13.81458335
"1120667560","1050667560","1120666890",38996.7,146.4,297,1076.6,1076.6,0,0,2,110278,146801010100,1120027410,1120027410,297,1,38996.7,TRUE,-10.8568207127101,13.75240905
"1120619070","1050619070","1120619230",80380.6,128.7,194,1083.8,1083.8,0,0,2,110299,146630110110,1120027410,1120027410,194,1,80380.6,TRUE,-10.8711915576881,15.18501415
"1120619390","1050619390","1120619230",9014.6,181.2,71,1083.8,1083.8,0,0,3,110300,146620101000,1120027410,1120027410,71,1,9014.6,TRUE,-10.8017563651795,15.13967305
"1120677890","1050677890","1120675460",16795.8,162.9,125,1202,1202,0,0,2,110619,146920111000,1120027410,1120027410,125,1,16795.8,TRUE,-9.88993858269311,13.472144
"1120677900","1050677900","1120675460",73835.8,36.9,12,1202.2,1202.2,0,0,1,110620,146930001000,1120027410,1120027410,12,1,73835.8,TRUE,-9.88712802731596,13.56999445
"1120671560","1050671560","1120671050",5478.5,92.4,41,1261.9,1261.9,0,0,2,110819,146940010100,1120027410,1120027410,41,1,5478.5,TRUE,-9.53365881799728,13.6411185
"1120671150","1050671150","1120671050",66828.5,72.7,85,1262.1,1262.1,0,0,1,110822,146950100100,1120027410,1120027410,85,1,66828.5,TRUE,-9.54270833743373,13.7416667
"1120576090","1050576090","1120577210",10068.6,184.1,78,1357.8,1357.8,0,0,3,111184,146640100100,1120027410,1120027410,78,1,10068.6,TRUE,-9.37388847947728,16.2875
"1120575970","1050575970","1120577210",50526.5,30.8,45,1357.9,1357.9,0,0,2,111185,146650010000,1120027410,1120027410,45,1,50526.5,TRUE,-9.44792685352791,16.3790346
"1120562730","1050562730","1120563250",35175.8,0.9,69,1408.4,1408.4,0,0,2,111332,146670010100,1120027410,1120027410,69,1,35175.8,TRUE,-9.31875,16.70208335
"1120562490","1050562490","1120563250",10169.2,227,82,1408.4,1408.4,0,0,3,111333,146660100100,1120027410,1120027410,82,1,10169.2,TRUE,-9.38413226248857,16.87073415
"1120646230","1050646230","1120646950",38139.6,11.2,59,1427.6,1427.6,0,0,1,111373,146970010100,1120027410,1120027410,59,1,38139.6,TRUE,-8.92678973062697,14.39417535
"1120646360","1050646360","1120646950",17855.5,122.2,139,1427.8,1427.8,0,0,2,111374,146960110100,1120027410,1120027410,139,1,17855.5,TRUE,-8.88756547364448,14.30427365
"1120560730","1050560730","1120560370",15730.3,152,120,1445.2,1445.2,0,0,3,111425,146680101000,1120027410,1120027410,120,1,15730.3,TRUE,-8.91054943663857,16.82499
"1120560870","1050560870","1120560370",10612.4,83.9,75,1445.3,1445.3,0,0,2,111427,146690101100,1120027410,1120027410,75,1,10612.4,TRUE,-8.96272140707465,16.71042935
"1120634970","1050634970","1120636170",5158.2,74.8,37,1540.3,1540.3,0,0,2,111781,146980010100,1120027410,1120027410,37,1,5158.2,TRUE,-8.08541505989527,14.66666665
"1120634800","1050634800","1120636170",25516.1,47.5,198,1540.3,1540.3,0,0,1,111782,146990101000,1120027410,1120027410,198,1,25516.1,TRUE,-8.17711821407653,14.71527775
"1120027420","1050027420","0",124.3,124.3,1,0,0,0,1,0,112478,1.47e+11,1120027420,1120027420,1,1,124.3,TRUE,-16.5071290724834,16.25844385
"1120027430","1050027430","0",9.9,9.8,1,0,0,0,1,0,112479,1.5111e+11,1120027430,1120027430,1,1,9.9,TRUE,-16.4449725357573,16.5704776
"1120027440","1050027440","0",11609,75.1,260,0,0,0,0,1,112480,1.51121e+11,1120027440,1120027440,260,1,11609,TRUE,-16.4039516105381,16.5598543
"1120027630","1050027630","0",21551.4,238.1,164,0,0,0,0,1,112614,151140110000,1120027630,1120027630,164,1,21551.4,TRUE,-15.8520833509222,17.91666665
"1120027830","1050027830","0",26121.4,171.1,301,0,0,0,0,1,112819,151161010100,1120027830,1120027830,301,1,26121.4,TRUE,-16.2376165326142,19.53552365
"1120027850","1050027840","0",504.9,108.9,12,0,0,0,0,1,113016,151170002100,1120027850,1120027850,4,0.333333333333333,504.9,TRUE,-16.2497966945894,19.62531215
"1120027920","1050027920","0",27695.4,163.9,207,0,0,0,0,1,113027,151180110000,1120027920,1120027920,207,1,27695.4,TRUE,-16.1590794531412,20.09244395
"1120027980","1050027930","0",7662.4,94.1,937,0,0,0,0,1,113241,151192010110,1120027980,1120027980,57,0.0608324439701174,7662.4,TRUE,-16.2835524411547,20.43541665
"1120028700","1050028700","0",69516.2,135.9,9,0,0,0,0,1,113501,151210001000,1120028700,1120028700,9,1,69516.2,TRUE,-13.274537614163,27.18766075
"1120241300","1050241300","1121724450",35988.2,131.9,274,55.8,55.8,0,0,2,113508,151221001100,1120028700,1120028700,274,1,35988.2,TRUE,-12.9713319142769,26.90555555
"1120241480","1050241480","1121724450",32337.2,139.5,2,55.8,55.8,0,0,1,113509,151230000100,1120028700,1120028700,2,1,32337.2,TRUE,-13.1230080151028,26.8407601
"1120246640","1050246640","1121726440",6311.5,155.1,54,82.1,82.1,0,0,2,113515,151240010100,1120028700,1120028700,54,1,6311.5,TRUE,-12.9457849382239,26.72291665
"1120246790","1050246790","1121726440",25741.8,246.3,52,82.3,82.3,0,0,1,113516,151250011000,1120028700,1120028700,52,1,25741.8,TRUE,-13.0980283624101,26.68333335
"1120289910","1050289910","1120289680",6447.6,219.4,52,274.5,274.5,0,0,2,113690,151260010100,1120028700,1120028700,52,1,6447.6,TRUE,-13.46458335,25.17471635
"1120289920","1050289920","1120289680",12111.9,43.8,42,274.7,274.7,0,0,1,113691,151270010100,1120028700,1120028700,42,1,12111.9,TRUE,-13.3727762855491,25.2177342
"1120274610","1050274610","1120274750",4613.9,135.9,42,413.6,413.6,0,0,1,113930,151290010000,1120028700,1120028700,42,1,4613.9,TRUE,-12.3699980309845,25.7460825
"1120274490","1050274490","1120274750",1947.4,51.8,15,413.7,413.7,0,0,2,113931,151280001100,1120028700,1120028700,15,1,1947.4,TRUE,-12.3980989920517,25.8426699
"1120028900","1050028710","0",6974.6,140.8,204,0,0,0,0,1,114086,151300811100,1120028900,1120028900,60,0.294117647058824,6974.6,TRUE,-11.4902930330066,28.225
"1120028960","1050028960","0",94290,135.7,750,0,0,0,0,1,114153,151401010100,1120028960,1120028960,750,1,94290,TRUE,-11.0730320098263,28.6001321
"1120029350","1050028970","0",20121.3,14.3,593,0,0,0,0,1,115231,151508101000,1120029350,1120029350,154,0.259696458684654,20121.3,TRUE,-9.32506720276943,32.02795445
"1120029430","1050029430","0",35399.7,120.1,295,0,0,0,0,1,115427,151601000110,1120029430,1120029430,295,1,35399.7,TRUE,-8.29057577285582,33.2695339
"1120029670","1050029440","0",9893.1,151.7,152,0,0,0,0,1,115782,151700810100,1120029670,1120029670,70,0.460526315789474,9893.1,TRUE,-6.79587009988774,33.98333335
"1120029700","1050029700","0",37813.3,54.2,283,0,0,0,0,1,115854,151801001000,1120029700,1120029700,283,1,37813.3,TRUE,-6.61094639843805,34.29268085
"1120029750","1050029710","0",3727.6,153.2,58,0,0,0,0,1,116152,151900041100,1120029750,1120029750,27,0.46551724137931,3727.6,TRUE,-6.11026678251062,35.1380527
"1120030120","1050029810","0",2622.6,176.5,95,0,0,0,0,1,116255,153010810000,1120030120,1120030120,21,0.221052631578947,2622.6,TRUE,-3.12698854555622,35.17391995
"1120030220","1050030220","0",54236.8,143.8,431,0,0,0,0,1,116284,153021001000,1120030220,1120030220,431,1,54236.8,TRUE,-2.38536760473333,35.07029675
"1120030400","1050030230","0",14586.1,14.2,229,0,0,0,0,1,116798,153038100000,1120030400,1120030400,103,0.449781659388646,14586.1,TRUE,-0.112314872038891,35.76985525
"1120030450","1050030450","0",44435.7,141.6,340,0,0,0,0,1,116905,153041000100,1120030450,1120030450,340,1,44435.7,TRUE,0.229812299823579,36.03020885
"1120030840","1050030460","0",9125.2,162.5,513,0,0,0,0,1,117359,153054101100,1120030840,1120030840,73,0.142300194931774,9125.2,TRUE,4.98843429437061,36.69583335
"1120031290","1050031290","0",23171.7,181.4,171,0,0,0,0,1,117672,153060101000,1120031290,1120031290,171,1,23171.7,TRUE,10.041689032861,37.00464495
"1120031380","1050031300","0",2312.2,69.5,51,0,0,0,0,1,117851,153070021000,1120031380,1120031380,17,0.333333333333333,2312.2,TRUE,10.2584331064895,36.72777775
"1120031570","1050031570","0",15261.3,28.5,116,0,0,0,0,1,117893,153080101000,1120031570,1120031570,116,1,15261.3,TRUE,10.5102659309061,35.9645687
"1120031800","1050031580","0",4113.8,40.5,163,0,0,0,0,1,118044,153090610100,1120031800,1120031800,45,0.276073619631902,4113.8,TRUE,10.1794968641695,34.39856215
"1120032110","1050031860","0",779.8,151.4,56,0,0,0,0,1,118133,156010080100,1120032110,1120032110,5,0.0892857142857143,779.8,TRUE,11.0489996026641,33.42071305
"1120032150","1050032150","0",7567.4,30.8,77,0,0,0,0,1,118143,156020100000,1120032150,1120032150,77,1,7567.4,TRUE,11.125159706275,33.2145833
"1120032160","1050032160","0",190,190,1,0,0,0,1,0,118203,1.5603e+11,1120032160,1120032160,1,1,190,TRUE,11.2437500434767,33.19166665
"1120032170","1050032170","0",16544,4.3,128,0,0,0,0,1,118204,156040101000,1120032170,1120032170,128,1,16544,TRUE,11.5958044940802,33.11527775
"1120032500","1050032180","0",2512.1,216.1,140,0,0,0,0,1,118434,156050801000,1120032500,1120032500,18,0.128571428571429,2512.1,TRUE,14.3916666417914,32.42291665
"1120032600","1050032600","0",7074.4,102.2,54,0,0,0,0,1,118470,156060010000,1120032600,1120032600,54,1,7074.4,TRUE,16.1039815374313,31.20514475
"1120032630","1050032610","0",2789,175.3,27,0,0,0,0,1,118526,156070021000,1120032630,1120032630,22,0.814814814814815,2789,TRUE,16.189583372276,31.10208335
"1120032670","1050032670","0",5365.9,84.3,42,0,0,0,0,1,118551,156080010100,1120032670,1120032670,42,1,5365.9,TRUE,16.5322669349629,31.16670575
"1120034030","1050032680","0",3560.9,0.7,653,0,0,0,0,1,118941,156098010000,1120034030,1120034030,25,0.0382848392036753,3560.9,TRUE,27.9023377588286,31.10179715
"1120034190","1050034170","0",6813.9,57.8,128,0,0,0,0,1,118998,171000210000,1120034190,1120034190,52,0.40625,6813.9,TRUE,29.9126164890985,31.15388305
"1120034260","1050034260","0",2916808.3,160.8,1365,0,0,0,0,1,119064,172111101100,1120034260,1120034260,1365,1,2916808.3,TRUE,30.430391544951,31.37493645
"1120349490","1050349490","1120347480",2671798,46.2,1422,1333.8,1333.8,0,0,1,120180,172131110100,1120034260,1120034260,1422,1,2671798,TRUE,32.764725125,23.16972805
"1120349680","1050349680","1120347480",76028.7,123.7,587,1333.8,1333.8,0,0,2,120181,172121010100,1120034260,1120034260,587,1,76028.7,TRUE,32.8341345163026,23.0789985
"1120506690","1050506690","1120505190",60938,58.3,463,2154.5,2154.5,0,0,2,121703,172141010000,1120034260,1120034260,463,1,60938,TRUE,30.7022300062512,18.2145996
"1120506700","1050506700","1120505190",2510629.8,55.7,19,2154.7,2154.7,0,0,1,121704,172150001000,1120034260,1120034260,19,1,2510629.8,TRUE,30.75001166271,18.2209403
"1120514520","1050514520","1120512530",94590.2,183.9,971,2199.8,2199.8,0,0,2,121725,172161100000,1120034260,1120034260,971,1,94590.2,TRUE,30.933154484132,17.9615219
"1120514530","1050514530","1120512530",2413542.5,78,37,2200,2200,0,0,1,121726,172170010000,1120034260,1120034260,37,1,2413542.5,TRUE,31.0145040790842,18.02156525
"1120513570","1050513570","1120514310",36180.7,114.3,281,2269,2269,0,0,2,121816,172181010100,1120034260,1120034260,281,1,36180.7,TRUE,31.5518052418076,18.00660425
"1120513450","1050513450","1120514310",2372681,89.2,968,2269.2,2269.2,0,0,1,121817,1.72191e+11,1120034260,1120034260,968,1,2372681,TRUE,31.503922924935,18.13748475
"1120526810","1050526810","1121841130",205095.2,222.2,13,2846.3,2846.3,0,0,2,123910,172210001000,1120034260,1120034260,13,1,205095.2,TRUE,34.0757469236517,17.62556855
"1120526970","1050526970","1121841130",2045604.9,71.4,525,2846.3,2846.3,0,0,1,123911,172301001000,1120034260,1120034260,525,1,2045604.9,TRUE,33.964583343584,17.63333335
"1120531400","1050531400","1120528990",7229.3,144.3,53,2880,2880,0,0,3,124002,172220011000,1120034260,1120034260,53,1,7229.3,TRUE,34.2915059641695,17.5041667
"1120531620","1050531620","1120528990",195880.1,178.9,35,2880.1,2880.1,0,0,2,124003,172230010100,1120034260,1120034260,35,1,195880.1,TRUE,34.178519700599,17.4492681
"1120538430","1050538430","1120538690",73361.7,110.6,565,2919.3,2919.3,0,0,3,124131,1.72241e+11,1120034260,1120034260,565,1,73361.7,TRUE,34.4437924259355,17.38333335
"1120538700","1050538700","1120538690",117731.3,167.3,153,2919.4,2919.4,0,0,2,124132,172250101100,1120034260,1120034260,153,1,117731.3,TRUE,34.4746033174778,17.2868056
"1120601200","1050601200","1120599400",308194.6,56.1,180,3186.9,3186.9,0,0,2,124947,172410100100,1120034260,1120034260,180,1,308194.6,TRUE,32.5378381525041,15.60558845
"1120601190","1050601190","1120599400",1670930,6.9,135,3187.1,3187.1,0,0,1,124948,172510100100,1120034260,1120034260,135,1,1670930,TRUE,32.4937458613578,15.64375
"1120645140","1050645140","1120644200",34940,119.9,273,3346.6,3346.6,0,0,2,125437,172521000100,1120034260,1120034260,273,1,34940,TRUE,32.1019644017212,14.4709403
"1120645320","1050645320","1120644200",1618231.8,95.9,104,3346.6,3346.6,0,0,1,125438,172530100000,1120034260,1120034260,104,1,1618231.8,TRUE,32.1668675885522,14.3763889
"1120648450","1050648450","1120648240",30208.5,12.4,229,3392.4,3392.4,0,0,3,125568,1.72261e+11,1120034260,1120034260,229,1,30208.5,TRUE,35.8564352926063,14.30996685
"1120648030","1050648030","1120648240",67134.3,184.1,305,3392.6,3392.6,0,0,2,125574,172271010100,1120034260,1120034260,305,1,67134.3,TRUE,35.9730994325256,14.2808226
"1120643620","1050643620","1120642730",243412.5,158.1,5,3397.4,3397.4,0,0,2,125590,172430000100,1120034260,1120034260,5,1,243412.5,TRUE,33.5268920095886,14.40413515
"1120643630","1050643630","1120642730",41683.4,32,325,3397.6,3397.6,0,0,3,125591,172421001000,1120034260,1120034260,325,1,41683.4,TRUE,33.5542281201931,14.47592855
"1120664470","1050664470","1120660120",1571240.8,77.1,678,3413.6,3413.6,0,0,1,125645,172551101000,1120034260,1120034260,678,1,1571240.8,TRUE,32.38125,13.87916665
"1120664460","1050664460","1120660120",34202.8,196.1,275,3413.8,3413.8,0,0,2,125646,172541001000,1120034260,1120034260,275,1,34202.8,TRUE,32.3373260049911,13.77540835
"1120657020","1050657020","1121892090",36623.1,74,259,3464,3464,0,0,3,125860,172441010100,1120034260,1120034260,259,1,36623.1,TRUE,33.7160430016244,14.0706624
"1120657010","1050657010","1121892090",206033.4,2.3,520,3464.2,3464.2,0,0,2,125861,172451011000,1120034260,1120034260,520,1,206033.4,TRUE,33.660558525,14.10722805
"1120798250","1050798250","1121949260",1468764.6,120.6,3,3884.5,3884.5,0,0,1,128006,172570000100,1120034260,1120034260,3,1,1468764.6,TRUE,32.1991390191284,10.47156525
"1120798240","1050798240","1121949260",14999.3,7.7,115,3884.5,3884.5,0,0,2,128007,172560100010,1120034260,1120034260,115,1,14999.3,TRUE,32.1311058442186,10.42204555
"1120800150","1050800150","1120798400",1426241,18.8,104,3900,3900,0,0,1,128069,172590100100,1120034260,1120034260,104,1,1426241,TRUE,32.2563708092483,10.36545445
"1120800160","1050800160","1120798400",42105.7,7.4,314,3900.2,3900.2,0,0,2,128070,172581001000,1120034260,1120034260,314,1,42105.7,TRUE,32.2727995965736,10.38584205
"1120692800","1050692800","1120689380",7592.3,127.8,59,3902,3902,0,0,3,128076,172280010100,1120034260,1120034260,59,1,7592.3,TRUE,38.7464819036237,13.0840617
"1120692900","1050692900","1120689380",21316.3,85.5,171,3902.2,3902.2,0,0,2,128078,172290101000,1120034260,1120034260,171,1,21316.3,TRUE,38.6608482933206,13.125
"1120843040","1050843040","1121967960",214881.2,98.8,1,4061.2,4061.2,0,0,2,128773,1.7261e+11,1120034260,1120034260,1,1,214881.2,TRUE,31.5834849634579,9.3375
"1120843030","1050843030","1121967960",1197395.8,94.5,279,4061.4,4061.4,0,0,1,128776,172701000110,1120034260,1120034260,279,1,1197395.8,TRUE,31.5317968201944,9.4048862
"1120845900","1050845900","1120843040",195178.8,179.7,145,4072.4,4072.4,0,0,2,128829,172630110100,1120034260,1120034260,145,1,195178.8,TRUE,31.7017849336855,9.2982578
"1120846100","1050846100","1120843040",19603.7,7,146,4072.6,4072.6,0,0,3,128834,172620100100,1120034260,1120034260,146,1,19603.7,TRUE,31.6185713710005,9.29809485
"1120819640","1050819640","1120818940",28207.7,116.6,219,4189.4,4189.4,0,0,3,129387,172460101000,1120034260,1120034260,219,1,28207.7,TRUE,35.7250141087008,9.9
"1120819440","1050819440","1120818940",110706.9,215.7,371,4189.6,4189.6,0,0,2,129390,172471101000,1120034260,1120034260,371,1,110706.9,TRUE,35.7210570899157,10.03589605
"1120837630","1050837630","1120839870",608100.9,1.5,197,4191,4191,0,0,2,129396,172810100000,1120034260,1120034260,197,1,608100.9,TRUE,30.5020833,9.51875
"1120837890","1050837890","1120839870",552637.4,136.7,696,4191.2,4191.2,0,0,1,129397,172911100100,1120034260,1120034260,696,1,552637.4,TRUE,30.5064374056169,9.45614305
"1120848400","1050848400","1120845890",538984.7,31.4,62,4283.1,4283.1,0,0,2,129825,172830010010,1120034260,1120034260,62,1,538984.7,TRUE,29.81041665,9.24375
"1120848180","1050848180","1120845890",43522.5,38.4,342,4283.1,4283.1,0,0,3,129826,172821001000,1120034260,1120034260,342,1,43522.5,TRUE,29.76249839214,9.28828015
"1120856340","1050856340","1120857550",153964.8,188.9,1167,4339.1,4339.1,0,0,3,130139,172841001000,1120034260,1120034260,1167,1,153964.8,TRUE,29.3915631181611,9.01995795
"1120856140","1050856140","1120857550",377202.2,107.1,3,4339.3,4339.3,0,0,2,130140,172850000100,1120034260,1120034260,3,1,377202.2,TRUE,29.4284457457432,9.1217044
"1120851850","1050851850","1121972760",301641.3,224.5,52,4373.5,4373.5,0,0,2,130309,172870010000,1120034260,1120034260,52,1,301641.3,TRUE,29.1645245089472,9.21398135
"1120852010","1050852010","1121972760",75140.9,141.6,567,4373.7,4373.7,0,0,3,130310,172861010110,1120034260,1120034260,567,1,75140.9,TRUE,29.1208612501236,9.11458335
"1120883500","1050883500","1121984320",137130.1,41.6,153,4395.7,4395.7,0,0,2,130407,172650100000,1120034260,1120034260,153,1,137130.1,TRUE,33.2220063217305,8.39220325
"1120883510","1050883510","1121984320",38731.5,141.3,289,4395.9,4395.9,0,0,3,130412,172641000100,1120034260,1120034260,289,1,38731.5,TRUE,33.270100753046,8.449646
"1120837870","1050837870","1120838350",148838.8,112.3,1128,4479.6,4479.6,0,0,3,130874,172881010000,1120034260,1120034260,1128,1,148838.8,TRUE,28.416211853153,9.4982762
"1120837610","1050837610","1120838350",145439.6,213.4,1202,4479.8,4479.8,0,0,2,130876,172891010000,1120034260,1120034260,1202,1,145439.6,TRUE,28.4398128281896,9.59166665
"1120909250","1050909250","1120906470",94232.9,77.3,136,4491.7,4491.7,0,0,2,130957,172670100010,1120034260,1120034260,136,1,94232.9,TRUE,33.0457530070847,7.7375
"1120909260","1050909260","1120906470",22805.7,163.2,170,4491.7,4491.7,0,0,3,130958,172660100110,1120034260,1120034260,170,1,22805.7,TRUE,33.1256612876171,7.8039325
"1120810820","1050810820","1120812910",15351.8,108.3,117,4643.9,4643.9,0,0,3,132066,172480101000,1120034260,1120034260,117,1,15351.8,TRUE,38.3990400011441,10.0875
"1120810660","1050810660","1120812910",47770.2,242.4,383,4644.1,4644.1,0,0,2,132069,172491001000,1120034260,1120034260,383,1,47770.2,TRUE,38.3792719210681,10.21171995
"1120949070","1050949070","1120944400",39092.5,97.5,294,4651.1,4651.1,0,0,2,132120,172691000100,1120034260,1120034260,294,1,39092.5,TRUE,33.0812526488427,6.74375
"1120949080","1050949080","1120944400",37286.3,93.9,285,4651.3,4651.3,0,0,3,132125,172681001100,1120034260,1120034260,285,1,37286.3,TRUE,33.1684949691997,6.74766795
"1121051360","1051051360","1121047730",430645,132.5,173,5065.8,5065.8,0,0,1,136516,172930100000,1120034260,1120034260,173,1,430645,TRUE,31.9677083443754,3.6583333
"1121051160","1051051160","1121047730",31604.9,0.9,240,5066,5066,0,0,2,136517,172921000010,1120034260,1120034260,240,1,31604.9,TRUE,31.94166665,3.73541665
"1121089880","1051089880","1121087450",351575.5,137.5,301,5329.2,5329.2,0,0,1,137911,172951010110,1120034260,1120034260,301,1,351575.5,TRUE,31.4702810767827,2.2401186
"1121089870","1051089870","1121087450",57037.1,2.2,451,5329.2,5329.2,0,0,2,137912,172941101000,1120034260,1120034260,451,1,57037.1,TRUE,31.324855838527,2.2053789
"1121108020","1051108020","1121108010",43184.3,169.8,331,5644.9,5644.9,0,0,2,138676,172961000100,1120034260,1120034260,331,1,43184.3,TRUE,32.8551861479723,1.4836484
"1121108160","1051108160","1121108010",269105.6,163.7,915,5645.1,5645.1,0,0,1,138677,172971010100,1120034260,1120034260,915,1,269105.6,TRUE,32.8249775192788,1.4131066
"1121159450","1051159450","1121159060",63965.4,149.5,482,5945.4,5945.4,0,0,1,139470,172991101100,1120034260,1120034260,482,1,63965.4,TRUE,32.8543336960422,-0.6843882
"1121159540","1051159540","1121159060",85723.9,142.3,668,5945.4,5945.4,0,0,2,139471,172981001100,1120034260,1120034260,668,1,85723.9,TRUE,32.881702178471,-0.75058745
"1120034470","1050034270","0",11751.3,42.4,163,0,0,0,0,1,141513,173000810100,1120034470,1120034470,90,0.552147239263804,11751.3,TRUE,32.2662145666494,31.2326718
"1120034580","1050034490","0",445.8,445.5,12,0,0,0,1,0,141613,134000031200,1120034580,1120034580,1,0.0833333333333333,445.8,TRUE,6.66994134628297,0.2625
"1120034770","1050034610","0",493.5,493.5,31,0,0,0,1,0,141632,152000041200,1120034770,1120034770,1,0.032258064516129,493.5,TRUE,-16.6927084719114,28.35
"1120034940","1050034900","0",1051.9,117.3,25,0,0,0,0,1,141649,113000014110,1120034940,1120034940,7,0.28,1051.9,TRUE,53.7481500232478,12.5696077
"1120035120","1050035090","0",444.7,443.4,9,0,0,0,1,0,141673,117300021100,1120035120,1120035120,1,0.111111111111111,444.7,TRUE,39.2301967160683,-6.0244521
"1120035230","1050035180","0",8524.5,130.7,209,0,0,0,0,1,141684,181100211000,1120035230,1120035230,72,0.344497607655502,8524.5,TRUE,44.5131576808187,-25.2209605
"1120035400","1050035400","0",32381.6,39.1,238,0,0,0,0,1,141820,181201010100,1120035400,1120035400,238,1,32381.6,TRUE,43.8123337565276,-23.5937249
"1120035420","1050035410","0",7740.8,45.2,138,0,0,0,0,1,142059,181300210000,1120035420,1120035420,60,0.434782608695652,7740.8,TRUE,43.6825368234438,-23.3125
"1120035590","1050035590","0",54938.5,133.1,425,0,0,0,0,1,142179,181401010000,1120035590,1120035590,425,1,54938.5,TRUE,43.6353796262667,-21.51041665
"1120035890","1050035600","0",6605.2,120.2,163,0,0,0,0,1,142694,181500610110,1120035890,1120035890,46,0.282208588957055,6605.2,TRUE,44.302083325,-20.44375
"1120036020","1050036020","0",48011.8,92.4,366,0,0,0,0,1,142767,181601011000,1120036020,1120036020,366,1,48011.8,TRUE,44.4964525058552,-19.68235525
"1120036750","1050036030","0",18932.5,67.6,597,0,0,0,0,1,143567,181708100100,1120036750,1120036750,146,0.244556113902848,18932.5,TRUE,45.8414860405218,-15.8813539
"1120036860","1050036860","0",56180.2,122.7,418,0,0,0,0,1,143730,181801010000,1120036860,1120036860,418,1,56180.2,TRUE,46.5707117515419,-16.04938255
"1120037050","1050036870","0",4793.4,18.8,78,0,0,0,0,1,144185,181910811000,1120037050,1120037050,34,0.435897435897436,4793.4,TRUE,47.1197267942559,-15.5009035
"1120037100","1050037100","0",28533.5,27.5,221,0,0,0,0,1,144226,181920100000,1120037100,1120037100,221,1,28533.5,TRUE,47.2189029447182,-15.41041665
"1120038540","1050037110","0",5895.7,23.5,637,0,0,0,0,1,144918,181936010100,1120038540,1120038540,43,0.0675039246467818,5895.7,TRUE,49.7645585867966,-15.42372165
"1120038850","1050038850","0",12770.5,205.1,96,0,0,0,0,1,145084,181940100000,1120038850,1120038850,96,1,12770.5,TRUE,49.3651949678774,-17.22103135
"1120039110","1050038860","0",7645.4,37.7,171,0,0,0,0,1,145253,181950610000,1120039110,1120039110,56,0.327485380116959,7645.4,TRUE,49.0697016594825,-18.94559915
"1120039250","1050039250","0",17765.8,162.8,140,0,0,0,0,1,145351,181960100100,1120039250,1120039250,140,1,17765.8,TRUE,48.6897244530278,-19.9402749
"1120039460","1050039260","0",6992.5,105,255,0,0,0,0,1,145552,181972010100,1120039460,1120039460,53,0.207843137254902,6992.5,TRUE,48.2573733246266,-21.2333333
"1120039740","1050039740","0",16946.4,10.4,127,0,0,0,0,1,145746,181980101100,1120039740,1120039740,127,1,16946.4,TRUE,47.6708891522773,-23.35208335
"1120040000","1050039750","0",12683.9,248.4,238,0,0,0,0,1,145953,181996100000,1120040000,1120040000,98,0.411764705882353,12683.9,TRUE,46.3577172922817,-25.08762715
"1120040030","1050040030","0",41.7,41.7,1,0,0,0,1,0,146094,1.82e+11,1120040030,1120040030,1,1,41.7,TRUE,40.3511305481523,-22.36638725
"1120040040","1050040040","0",8.6,8.5,1,0,0,0,1,0,146095,1.83e+11,1120040040,1120040040,1,1,8.6,TRUE,42.7265702413415,-17.0535636
"1120040060","1050040050","0",472.2,472.1,6,0,0,0,1,0,146097,184000002000,1120040060,1120040060,1,0.166666666666667,472.2,TRUE,44.4113719485277,-12.2263674
"1120040130","1050040110","0",233.6,233.6,3,0,0,0,1,0,146104,185000000100,1120040130,1120040130,1,0.333333333333333,233.6,TRUE,46.4701065533465,-9.42907305
"1120040140","1050040140","0",19,18.5,2,0,0,0,1,0,146105,186000000010,1120040140,1120040140,1,0.5,19,TRUE,51.1764163007133,-10.15408985
"1120040170","1050040160","0",35.9,34.5,2,0,0,0,1,0,146108,187000000020,1120040170,1120040170,1,0.5,35.9,TRUE,53.6718751147705,-5.6875
"1120040180","1050040180","0",2.3,2.2,1,0,0,0,1,0,146109,1.88e+11,1120040180,1120040180,1,1,2.3,TRUE,54.5223770663815,-15.8882343
"1120040190","1050040190","0",980211.9,1.7,238,0,0,2,0,1,146110,1.62101e+11,1120040190,1120040190,238,1,980211.9,TRUE,14.53125,13.07708335
"1120695540","1050695540","1120040190",89012,147.6,665,0.2,0.2,1,0,3,146111,162201001000,1120040190,1120040190,665,1,89012,TRUE,14.4497407162368,13.0180888
"1120695700","1050695700","1120040190",609863.6,60.4,43,0.3,0.3,1,0,1,146112,162300010000,1120040190,1120040190,43,1,609863.6,TRUE,14.5542495525659,13.0268733
"1120695300","1050695300","1120040190",249808.1,5.7,133,0.3,0.3,1,0,2,146113,162410100100,1120040190,1120040190,133,1,249808.1,TRUE,14.5103425668723,13.0879213
"1121923540","1051923540","1120726020",604000.8,182.2,1,160.6,160.6,1,0,1,146376,1.625e+11,1120040190,1120040190,1,1,604000.8,TRUE,14.9644456591993,12.125
"1120672000","1050672000","1120679580",18273.8,243,148,164.8,164.8,1,0,3,146387,162420100100,1120040190,1120040190,148,1,18273.8,TRUE,13.4800862331615,13.73351
"1120671990","1050671990","1120679580",213535.4,95.5,1,165,165,1,0,2,146388,1.6243e+11,1120040190,1120040190,1,1,213535.4,TRUE,13.3886756371846,13.6806583
"1120670570","1050670570","1120671990",154717.4,89.5,218,173.1,173.1,1,0,2,146406,162450100000,1120040190,1120040190,218,1,154717.4,TRUE,13.30047546613,13.6727056
"1120670330","1050670330","1120671990",58722.7,23.1,436,173.1,173.1,1,0,3,146407,1.62441e+11,1120040190,1120040190,436,1,58722.7,TRUE,13.3708095865828,13.7473983
"1120734180","1050734180","1121923540",88321.4,154.3,663,182.6,182.6,1,0,2,146436,162601001100,1120040190,1120040190,663,1,88321.4,TRUE,15.0642716995922,11.9951265
"1120734190","1050734190","1121923540",515498,148.8,363,182.8,182.8,1,0,1,146439,162701010100,1120040190,1120040190,363,1,515498,TRUE,15.1355728,12.04579315
"1120700730","1050700730","1121910760",67532.1,170.8,500,414.9,414.9,1,0,3,147572,162461001100,1120040190,1120040190,500,1,67532.1,TRUE,11.8398205380515,12.99373285
"1120700890","1050700890","1121910760",57418.5,142.6,71,415.1,415.1,1,0,2,147573,162470100100,1120040190,1120040190,71,1,57418.5,TRUE,11.909198325,12.9079776
"1120708880","1050708880","1120708440",24069.7,188.7,185,578.9,578.9,1,0,2,148217,162490101000,1120040190,1120040190,185,1,24069.7,TRUE,10.6664179744377,12.75943855
"1120709340","1050709340","1120708440",23988.9,139.7,181,578.9,578.9,1,0,3,148218,162480100110,1120040190,1120040190,181,1,23988.9,TRUE,10.6788612424221,12.6703098
"1120840230","1050840230","1121966740",144860.4,103.6,100,754.5,754.5,1,0,1,148918,162910101100,1120040190,1120040190,100,1,144860.4,TRUE,18.165625,9.475
"1120840410","1050840410","1121966740",322359.9,171.9,19,754.7,754.7,1,0,2,148920,162810001000,1120040190,1120040190,19,1,322359.9,TRUE,18.1066877324884,9.40028365
"1120845830","1050845830","1120844070",83237,124.1,633,778.9,778.9,1,0,3,149021,162821001100,1120040190,1120040190,633,1,83237,TRUE,18.2147157846541,9.2467034
"1120845840","1050845840","1120844070",236669.6,141.8,2,779,779,1,0,2,149023,162830000100,1120040190,1120040190,2,1,236669.6,TRUE,18.3150992510103,9.2709258
"1120852600","1050852600","1121971760",24253.3,147.8,174,806.1,806.1,1,0,3,149153,162840100100,1120040190,1120040190,174,1,24253.3,TRUE,18.4872498433644,9.19491665
"1120852870","1050852870","1121971760",212123.7,41.8,85,806.1,806.1,1,0,2,149154,162850100000,1120040190,1120040190,85,1,212123.7,TRUE,18.3854362147178,9.14190655
"1120865860","1050865860","1120866930",64648.3,16.5,489,882.1,882.1,1,0,3,149510,162861001000,1120040190,1120040190,489,1,64648.3,TRUE,18.8937520299386,8.846189
"1120865850","1050865850","1120866930",136569.8,128.7,199,882.3,882.3,1,0,2,149511,162870101000,1120040190,1120040190,199,1,136569.8,TRUE,18.892466990925,8.89976585
"1120786750","1050786750","1120788700",36376.6,93.4,282,1078.4,1078.4,1,0,2,150529,162921000100,1120040190,1120040190,282,1,36376.6,TRUE,19.7962617084262,10.76087985
"1120786760","1050786760","1120788700",95324.8,101.4,29,1078.6,1078.6,1,0,1,150531,162930010000,1120040190,1120040190,29,1,95324.8,TRUE,19.8844448169466,10.725
"1120847310","1050847310","1120849650",35402.9,6.6,257,1108.8,1108.8,1,0,3,150691,162881000100,1120040190,1120040190,257,1,35402.9,TRUE,20.4810129794816,9.2703218
"1120847160","1050847160","1120849650",75845.9,23.9,558,1109,1109,1,0,2,150692,162891001000,1120040190,1120040190,558,1,75845.9,TRUE,20.5270829253457,9.3085039
"1120749160","1050749160","1121932150",82855.7,179.3,39,1297.9,1297.9,1,0,1,151728,162950011000,1120040190,1120040190,39,1,82855.7,TRUE,21.186033411446,11.61676865
"1120748790","1050748790","1121932150",8360.7,56,60,1297.9,1297.9,1,0,2,151729,162940010000,1120040190,1120040190,60,1,8360.7,TRUE,21.0521207963275,11.7125189
"1120736640","1050736640","1120736720",42853.7,18,159,1527.1,1527.1,1,0,1,152513,162970111000,1120040190,1120040190,159,1,42853.7,TRUE,22.5058922354554,12.05722805
"1120736730","1050736730","1120736720",35399.1,127.2,275,1527.2,1527.2,1,0,2,152514,162961000100,1120040190,1120040190,275,1,35399.1,TRUE,22.4980435473822,11.9895833
"1120652970","1050652970","1120658010",6057.1,112.6,47,1950.2,1950.2,1,0,2,153315,162980010000,1120040190,1120040190,47,1,6057.1,TRUE,23.1666140965982,14.1508711
"1120652800","1050652800","1120658010",16036.1,35.2,133,1950.4,1950.4,1,0,1,153317,162990101000,1120040190,1120040190,133,1,16036.1,TRUE,23.1689538033397,14.21102295
"1120040200","1050040200","0",644114.3,1.1,657,0,0,2,0,1,153496,129101010000,1120040200,1120040200,638,0.971080669710807,644114.3,TRUE,25.95,-20.93541665
"1121533130","1051533130","1122246760",424641.6,115.8,468,161.7,161.7,1,0,1,153780,129301001100,1120040200,1120040200,468,1,424641.6,TRUE,24.7657837438868,-21.20833335
"1121533240","1051533240","1122246760",136520.9,2.8,114,161.8,161.8,1,0,2,153781,129210100100,1120040200,1120040200,114,1,136520.9,TRUE,24.8480768284428,-21.20241395
"1121548450","1051548450","1121546820",61071.6,143.6,6,384.2,384.2,1,0,2,154341,129230001100,1120040200,1120040200,6,1,61071.6,TRUE,23.9916494621463,-22.2297193
"1121548460","1051548460","1121546820",60979.9,54.6,452,384.2,384.2,1,0,3,154342,129221100000,1120040200,1120040200,452,1,60979.9,TRUE,24.0788711036613,-22.21358005
"1121550490","1051550490","1122254190",50731.7,94.1,8,452,452,1,0,2,154494,129250001100,1120040200,1120040200,8,1,50731.7,TRUE,23.4847889285569,-22.32156525
"1121550590","1051550590","1122254190",9449.8,67.9,69,452,452,1,0,3,154495,129240100000,1120040200,1120040200,69,1,9449.8,TRUE,23.5431495121168,-22.38646445
"1121515680","1051515680","1122239920",251264.6,170.4,409,497.1,497.1,1,0,1,154611,129501000100,1120040200,1120040200,409,1,251264.6,TRUE,23.3428664315178,-20.06207455
"1121515780","1051515780","1122239920",129704.1,13.3,107,497.3,497.3,1,0,2,154612,129410101000,1120040200,1120040200,107,1,129704.1,TRUE,23.3765661499514,-20.15557725
"1121549840","1051549840","1121549780",46205.1,131,57,499.8,499.8,1,0,2,154626,129270011100,1120040200,1120040200,57,1,46205.1,TRUE,23.1323367173042,-22.26727145
"1121550000","1051550000","1121549780",3388,111.5,26,500,500,1,0,3,154627,129260010100,1120040200,1120040200,26,1,3388,TRUE,23.0899504580726,-22.38732335
"1121551920","1051551920","1121552200",25433.6,99.4,195,615,615,1,0,3,155031,129280110000,1120040200,1120040200,195,1,25433.6,TRUE,22.2000926296096,-22.4395833
"1121551850","1051551850","1121552200",13035.1,141.4,92,615.1,615.1,1,0,2,155032,129290110100,1120040200,1120040200,92,1,13035.1,TRUE,22.2079715428914,-22.3416667
"1121522340","1051522340","1121522790",105444.7,15.6,93,618.5,618.5,1,0,2,155044,129430100000,1120040200,1120040200,93,1,105444.7,TRUE,22.4937705736837,-20.51148415
"1121522260","1051522260","1121522790",9276.6,145.3,74,618.5,618.5,1,0,3,155045,129420101100,1120040200,1120040200,74,1,9276.6,TRUE,22.5521200610142,-20.42975075
"1121518250","1051518250","1121519130",26753.9,162.8,197,670.1,670.1,1,0,3,155284,129440110000,1120040200,1120040200,197,1,26753.9,TRUE,22.1019736628362,-20.33120075
"1121518160","1051518160","1121519130",65931.7,28.3,8,670.3,670.3,1,0,2,155285,129450001000,1120040200,1120040200,8,1,65931.7,TRUE,22.1593286461056,-20.24957455
"1121513460","1051513460","1122239520",23291.6,1.7,188,711.7,711.7,1,0,3,155451,129460111000,1120040200,1120040200,188,1,23291.6,TRUE,21.9915739981248,-20.00208335
"1121513450","1051513450","1122239520",41798.2,5.2,82,711.8,711.8,1,0,2,155453,129470100000,1120040200,1120040200,82,1,41798.2,TRUE,21.9792033654361,-20.025
"1121520550","1051520550","1121520370",19427.9,81.9,145,806.7,806.7,1,0,3,155733,129480100100,1120040200,1120040200,145,1,19427.9,TRUE,21.2463824724059,-20.39079555
"1121520660","1051520660","1121520370",11711,87.6,91,806.9,806.9,1,0,2,155739,129490101000,1120040200,1120040200,91,1,11711,TRUE,21.28267065,-20.4490219
"1121479650","1051479650","1121480020",169166.2,1,11,1008.4,1008.4,1,0,1,156339,129700001000,1120040200,1120040200,11,1,169166.2,TRUE,20.7832773065405,-18.02291665
"1121479540","1051479540","1121480020",58302.5,135.3,444,1008.5,1008.5,1,0,2,156340,129601101100,1120040200,1120040200,444,1,58302.5,TRUE,20.7624999816295,-17.9541667
"1121478080","1051478080","1121478690",60249.9,145.2,478,1044.9,1044.9,1,0,2,156447,129801101000,1120040200,1120040200,478,1,60249.9,TRUE,20.4277790055119,-17.99660315
"1121477980","1051477980","1121478690",107643.2,132.5,137,1045.1,1045.1,1,0,1,156448,129910101100,1120040200,1120040200,137,1,107643.2,TRUE,20.4349605176948,-17.9053935
"1121474490","1051474490","1121474780",77782.2,169.9,60,1240,1240,1,0,1,156857,129930010000,1120040200,1120040200,60,1,77782.2,TRUE,18.8216576367645,-17.78901195
"1121474590","1051474590","1121474780",11895.3,12,86,1240,1240,1,0,2,156858,129920100010,1120040200,1120040200,86,1,11895.3,TRUE,18.9219553015468,-17.84583335
"1121460440","1051460440","1121461690",12178.4,66.1,98,1372,1372,1,0,2,157121,129940100100,1120040200,1120040200,98,1,12178.4,TRUE,18.1553459735607,-16.9583333
"1121460430","1051460430","1121461690",57090.8,152.9,55,1372.2,1372.2,1,0,1,157122,129950010100,1120040200,1120040200,55,1,57090.8,TRUE,18.0936382954454,-16.9458333
"1121435100","1051435100","1121435220",38832.8,131.7,5,1550.6,1550.6,1,0,1,157522,129970000100,1120040200,1120040200,5,1,38832.8,TRUE,17.4727485083742,-15.73125
"1121435110","1051435110","1121435220",10897.2,45.5,83,1550.6,1550.6,1,0,2,157523,129960100100,1120040200,1120040200,83,1,10897.2,TRUE,17.5518423231824,-15.7166667
"1121429650","1051429650","1122203230",16915.6,146.5,120,1593.8,1593.8,1,0,1,157628,129990101100,1120040200,1120040200,120,1,16915.6,TRUE,17.2564734228239,-15.4894657
"1121429580","1051429580","1122203230",21258.6,15.7,156,1594,1594,1,0,2,157629,129980100000,1120040200,1120040200,156,1,21258.6,TRUE,17.3417283449339,-15.4958496
"1120040210","1050040210","0",450953.3,1.9,67,0,0,2,0,1,158399,161510010000,1120040210,1120040210,67,1,450953.3,TRUE,17.88312065,16.97249125
"1120552200","1050552200","1120040210",184326.5,31.7,1439,0.2,0.2,1,0,2,158400,1.61521e+11,1120040210,1120040210,1439,1,184326.5,TRUE,17.846851271895,16.96684315
"1120552040","1050552040","1120040210",258310.8,2.7,20,0.3,0.3,1,0,1,158401,161530010000,1120040210,1120040210,20,1,258310.8,TRUE,17.8844514477064,16.98351
"1120555410","1050555410","1120551470",166650.9,93.3,279,26,26,1,0,1,158425,1.61551e+11,1120040210,1120040210,279,1,166650.9,TRUE,18.1109099136474,16.8412359
"1120555020","1050555020","1120551470",88793.4,21,669,26.2,26.2,1,0,2,158426,161541000100,1120040210,1120040210,669,1,88793.4,TRUE,18.083641647416,16.92672915
"1120607030","1050607030","1120605180",47002.6,48.4,347,232.5,232.5,1,0,2,158961,161561010000,1120040210,1120040210,347,1,47002.6,TRUE,18.0801917988932,15.44576975
"1120607020","1050607020","1120605180",81039.7,122.2,91,232.7,232.7,1,0,1,158962,161570100100,1120040210,1120040210,91,1,81039.7,TRUE,18.021895156627,15.46243075
"1120637070","1050637070","1120636380",30707.6,108.3,222,397.7,397.7,1,0,1,159845,161591001000,1120040210,1120040210,222,1,30707.6,TRUE,17.134070448891,14.53821955
"1120637060","1050637060","1120636380",38683.6,178.4,293,397.7,397.7,1,0,2,159846,161581010000,1120040210,1120040210,293,1,38683.6,TRUE,17.0063270751045,14.6096817
"1120040220","1050040220","0",305376.1,2,128,0,0,2,0,1,161808,157610100010,1120040220,1120040220,126,0.984375,305376.1,TRUE,20.8530336822642,30.12899
"1120192080","1050192080","1120190110",177086.6,53.9,1520,229.8,229.8,1,0,2,161930,157621010100,1120040220,1120040220,1520,1,177086.6,TRUE,21.9344717768576,28.89571125
"1120192070","1050192070","1120190110",112408.8,51.2,160,230,230,1,0,1,161931,157630100000,1120040220,1120040220,160,1,112408.8,TRUE,21.8644584753561,28.90405425
"1120274920","1050274920","1121738580",62871.8,204.8,3,756.6,756.6,1,0,1,162595,157650000100,1120040220,1120040220,3,1,62871.8,TRUE,19.1776453144749,25.73400885
"1120275130","1050275130","1121738580",27196.7,169.8,202,756.7,756.7,1,0,2,162596,157640111100,1120040220,1120040220,202,1,27196.7,TRUE,19.2609918882666,25.69579815
"1120276860","1050276860","1120276390",52712.1,13.6,128,797.2,797.2,1,0,1,162679,157670100000,1120040220,1120040220,128,1,52712.1,TRUE,18.9421175215125,25.70972225
"1120276700","1050276700","1120276390",9616.7,142.4,74,797.4,797.4,1,0,2,162682,157660110110,1120040220,1120040220,74,1,9616.7,TRUE,18.886779113552,25.72888305
"1120335500","1050335500","1120332580",22767.7,100.8,172,1195.5,1195.5,1,0,1,163374,157690110100,1120040220,1120040220,172,1,22767.7,TRUE,17.1457434689429,23.5255526
"1120335490","1050335490","1120332580",13546.3,163.1,103,1195.5,1195.5,1,0,2,163375,157680100100,1120040220,1120040220,103,1,13546.3,TRUE,17.0865229380396,23.5625
"1120040230","1050040230","0",211532,9.2,150,0,0,2,0,1,164101,161110110000,1120040230,1120040230,150,1,211532,TRUE,11.7162018553494,18.74301485
"1120463930","1050463930","1120465460",117480.1,112.9,11,123.8,123.8,1,0,1,164183,161130001000,1120040230,1120040230,11,1,117480.1,TRUE,11.2364564633796,19.6334164
"1120463920","1050463920","1120465460",75801.1,6.2,583,123.9,123.9,1,0,2,164184,161121010000,1120040230,1120040230,583,1,75801.1,TRUE,11.1500672113888,19.5827259
"1120454120","1050454120","1121812950",106595.9,124.4,7,185.8,185.8,1,0,1,164266,161150001000,1120040230,1120040230,7,1,106595.9,TRUE,11.4531520242321,19.94166665
"1120453980","1050453980","1121812950",9602.5,9.7,72,186,186,1,0,2,164268,161140100000,1120040230,1120040230,72,1,9602.5,TRUE,11.5043112975745,19.90539355
"1120440690","1050440690","1120445710",90973,74.8,137,248.3,248.3,1,0,1,164384,161170100100,1120040230,1120040230,137,1,90973,TRUE,11.3793382085081,20.40110525
"1120440700","1050440700","1120445710",14506.1,157.1,114,248.4,248.4,1,0,2,164386,161160101100,1120040230,1120040230,114,1,14506.1,TRUE,11.4452775262698,20.33865135
"1120407790","1050407790","1121795550",49499.5,88.3,379,417.4,417.4,1,0,1,164746,161191001000,1120040230,1120040230,379,1,49499.5,TRUE,10.9901706821169,21.400661
"1120407800","1050407800","1121795550",28360.2,179.5,220,417.4,417.4,1,0,2,164747,161180110100,1120040230,1120040230,220,1,28360.2,TRUE,11.045031497628,21.4952159
"1120040240","1050040240","0",174242,2,30,0,0,2,0,1,165726,129010010000,1120040240,1120040240,30,1,174242,TRUE,16.19166665,-18.8458333
"1121494900","1051494900","1120040240",46347.6,1,364,0.2,0.2,1,0,2,165727,129021000100,1120040240,1120040240,364,1,46347.6,TRUE,16.1976918,-18.85175275
"1121494810","1051494810","1120040240",124059.1,0.6,1,0.3,0.3,1,0,1,165728,1.2903e+11,1120040240,1120040240,1,1,124059.1,TRUE,16.184587725,-18.8462587
"1121494710","1051494710","1121494810",112442.7,127.4,5,0.9,0.9,1,0,1,165732,129050000100,1120040240,1120040240,5,1,112442.7,TRUE,16.1176396472826,-18.80423025
"1121494890","1051494890","1121494810",11615.8,31,95,0.9,0.9,1,0,2,165733,129040100000,1120040240,1120040240,95,1,11615.8,TRUE,16.1505603031669,-18.87479435
"1121491160","1051491160","1121493050",36884.3,164.6,6,30.1,30.1,1,0,1,165757,129070001100,1120040240,1120040240,6,1,36884.3,TRUE,16.1048102588093,-18.6209549
"1121491120","1051491120","1121493050",74941.6,179.1,565,30.3,30.3,1,0,2,165758,1.29061e+11,1120040240,1120040240,565,1,74941.6,TRUE,16.0013251211508,-18.59573555
"1121486420","1051486420","1121486730",15988.5,9.2,117,70.6,70.6,1,0,2,165831,129080100100,1120040240,1120040240,117,1,15988.5,TRUE,16.1239583369629,-18.40416665
"1121486320","1051486320","1121486730",20069.3,149.7,156,70.6,70.6,1,0,1,165832,129090101000,1120040240,1120040240,156,1,20069.3,TRUE,16.1166252315994,-18.3006183
"1120040250","1050040250","0",158695.8,4.3,1318,0,0,2,0,1,167065,158111100000,1120040250,1120040250,1318,1,158695.8,TRUE,23.5791667229001,29.6583333
"1120040260","1050040260","0",149328.6,52.4,1,0,0,2,0,1,168291,1.1541e+11,1120040260,1120040260,1,1,149328.6,TRUE,36.2061820978504,3.37291665
"1121060130","1051060130","1120040260",48214.7,1.1,370,0.2,0.2,1,0,2,168292,115421001000,1120040260,1120040260,370,1,48214.7,TRUE,36.14770395,3.36415785
"1121059910","1051059910","1120040260",101061.3,0.4,127,0.3,0.3,1,0,1,168293,115430100100,1120040260,1120040260,127,1,101061.3,TRUE,36.1375,3.37708335
"1121033970","1051033970","1121034430",73205.3,32.7,334,111.3,111.3,1,0,1,168485,1.15451e+11,1120040260,1120040260,334,1,73205.3,TRUE,36.0665009244445,4.38904895
"1121033960","1051033960","1121034430",12183.7,249.7,96,111.5,111.5,1,0,2,168486,115440100100,1120040260,1120040260,96,1,12183.7,TRUE,35.9425850188044,4.49166665
"1120927250","1050927250","1120927820",23584.2,170.5,61,874.5,874.5,1,0,1,169219,115470010000,1120040260,1120040260,61,1,23584.2,TRUE,37.3712360000261,7.3885143
"1120927240","1050927240","1120927820",7047.6,225.3,50,874.7,874.7,1,0,2,169220,115460010100,1120040260,1120040260,50,1,7047.6,TRUE,37.2688249800292,7.34375
"1120890730","1050890730","1120890990",5171.9,104.4,40,1010.2,1010.2,1,0,1,169291,115490011000,1120040260,1120040260,40,1,5171.9,TRUE,37.4260903023157,8.19996865
"1120890470","1050890470","1120890990",10526.6,40.9,79,1010.2,1010.2,1,0,2,169292,115480100000,1120040260,1120040260,79,1,10526.6,TRUE,37.4790685795794,8.2915597
"1120040270","1050040270","0",140784.3,30.9,1094,0,0,2,0,1,169449,112011001000,1120040270,1120040270,1094,1,140784.3,TRUE,48.7687161844725,6.3599152
"1120040280","1050040280","0",131109.6,5,1007,0,0,2,0,1,170543,159011010100,1120040280,1120040280,1007,1,131109.6,TRUE,27.3832654478504,17.49791665
"1120040290","1050040290","0",103752,214.2,808,0,0,2,0,1,171549,158211000100,1120040290,1120040290,808,1,103752,TRUE,30.4216476743978,23.51254465
"1120040300","1050040300","0",97980.1,41.6,847,0,0,2,0,1,172351,154521010000,1120040300,1120040300,847,1,97980.1,TRUE,-1.2770849650012,29.15618455
"1120040310","1050040310","0",94901.7,4.1,736,0,0,2,0,1,173115,155571010000,1120040310,1120040310,735,0.998641304347826,94901.7,TRUE,0.250138924535878,22.02125465
"1120040320","1050040320","0",94540.7,15.6,792,0,0,2,0,1,173850,1.15711e+11,1120040320,1120040320,792,1,94540.7,TRUE,41.7874934065588,11.17829555
"1120040330","1050040330","0",90161.1,1.7,670,0,0,2,0,1,174603,155761010000,1120040330,1120040330,670,1,90161.1,TRUE,7.341666675,32.42708335
"1120040340","1050040340","0",89136.9,1.8,701,0,0,2,0,1,175273,154811010000,1120040340,1120040340,701,1,89136.9,TRUE,6.34613777162719,34.20374535
"1120040350","1050040350","0",86996.2,1.6,711,0,0,2,0,1,175974,159021100000,1120040350,1120040350,687,0.966244725738397,86996.2,TRUE,25.3890098421874,18.6618564
"1120040360","1050040360","0",84585.5,2,647,0,0,2,0,1,176661,162011000100,1120040360,1120040360,647,1,84585.5,TRUE,17.47083335,12.84375
"1120040370","1050040370","0",79610,35.7,612,0,0,2,0,1,177308,116001010000,1120040370,1120040370,612,1,79610,TRUE,32.2478477304437,-7.871189
"1120040380","1050040380","0",78587.7,4.5,593,0,0,2,0,1,177920,1.55131e+11,1120040380,1120040380,593,1,78587.7,TRUE,-4.91651017264972,16.53958335
"1120040390","1050040390","0",74556.6,9.4,584,0,0,2,0,1,178513,112041010000,1120040390,1120040390,584,1,74556.6,TRUE,46.7614592508892,3.9375
"1120040400","1050040400","0",70156.4,3.9,535,0,0,2,0,1,179097,155141000010,1120040400,1120040400,535,1,70156.4,TRUE,-3.11033595745915,19.3
"1120040410","1050040410","0",64664.3,0.9,513,0,0,2,0,1,179632,157231000100,1120040410,1120040410,513,1,64664.3,TRUE,14.0145161266203,27.41371225
"1120040420","1050040420","0",63044.1,212.8,512,0,0,2,0,1,180145,155811001000,1120040420,1120040420,504,0.984375,63044.1,TRUE,5.69164941115612,27.2326967
"1120040430","1050040430","0",61611.1,24,467,0,0,2,0,1,180649,1.55611e+11,1120040430,1120040430,467,1,61611.1,TRUE,-0.889065627061808,24.9280614
"1120040440","1050040440","0",60814.2,6.9,496,0,0,2,0,1,181116,115101110000,1120040440,1120040440,471,0.949596774193548,60814.2,TRUE,35.1105849448472,-3.6029382
"1120040450","1050040450","0",59113.1,3,691,0,0,2,0,1,181587,151101110000,1120040450,1120040450,440,0.636758321273517,59113.1,TRUE,-12.4050266234502,17.61292545
"1120040460","1050040460","0",58965.4,63.2,454,0,0,2,0,1,182027,155731001000,1120040460,1120040460,454,1,58965.4,TRUE,5.40899340959574,32.0848004
"1120040470","1050040470","0",53358,3.5,405,0,0,2,0,1,182481,162021000100,1120040470,1120040470,405,1,53358,TRUE,16.7292257876036,12.9212831
"1120040480","1050040480","0",52475,74.1,1026,0,0,2,0,1,182886,156001100110,1120040480,1120040480,405,0.394736842105263,52475,TRUE,16.0041699505556,31.23333335
"1120040490","1050040490","0",52304.2,2.1,407,0,0,2,0,1,183291,161611001000,1120040490,1120040490,394,0.968058968058968,52304.2,TRUE,19.8390270042103,18.55861695
"1120040500","1050040500","0",51946.2,5,404,0,0,2,0,1,183685,155691001000,1120040500,1120040500,404,1,51946.2,TRUE,-0.0189479229732395,28.87621225
"1120040510","1050040510","0",50196.5,31.4,381,0,0,2,0,1,184089,1.61211e+11,1120040510,1120040510,381,1,50196.5,TRUE,11.269171733789,16.0339888
"1120040520","1050040520","0",49734.1,1.9,421,0,0,2,0,1,184470,154301000100,1120040520,1120040520,397,0.942992874109264,49734.1,TRUE,-4.33971949144078,29.5352461
"1120040530","1050040530","0",47583.6,46.3,345,0,0,2,0,1,184867,155751010000,1120040530,1120040530,345,1,47583.6,TRUE,6.74895835641597,32.50416665
"1120040540","1050040540","0",47307.5,1.2,373,0,0,2,0,1,185212,155911001000,1120040540,1120040540,373,1,47307.5,TRUE,8.408421675,33.77795445
"1120040550","1050040550","1120008100",46924,1.3,398,0,1,2,0,2,185585,114001100000,1120008100,1120040550,382,0.959798994974874,46924,TRUE,37.578191125,2.80056865
"1120040560","1050040560","0",45608.5,4.2,353,0,0,2,0,1,185967,157311101000,1120040560,1120040560,353,1,45608.5,TRUE,14.7491419022632,25.25908645
"1120040570","1050040570","0",45570,119.3,356,0,0,2,0,1,186320,155661000100,1120040570,1120040570,356,1,45570,TRUE,1.24065663129982,26.475
"1120040580","1050040580","0",43595,8,380,0,0,2,0,1,186676,154211100000,1120040580,1120040580,339,0.892105263157895,43595,TRUE,-7.75833335,27.7125
"1120040590","1050040590","0",42982.2,45.6,786,0,0,2,0,1,187015,161402100000,1120040590,1120040590,334,0.424936386768448,42982.2,TRUE,14.9061336690341,15.83593155
"1120040600","1050040600","0",40503.4,8.5,314,0,0,2,0,1,187349,157751000100,1120040600,1120040600,314,1,40503.4,TRUE,23.2392323204482,29.72111695
"1120040610","1050040610","0",38309.8,123.6,296,0,0,2,0,1,187663,161711101100,1120040610,1120040610,292,0.986486486486487,38309.8,TRUE,20.7769836098881,18.1567242
"1120040620","1050040620","0",37739.9,51.4,292,0,0,2,0,1,187953,1.55631e+11,1120040620,1120040620,292,1,37739.9,TRUE,-0.0437493961567136,26.925
"1120040630","1050040630","0",35149.5,53.1,264,0,0,2,0,1,188245,158631000100,1120040630,1120040630,264,1,35149.5,TRUE,24.2687500250797,29.6666667
"1120040640","1050040640","0",32990,1.8,348,0,0,2,0,1,188509,155651100100,1120040640,1120040640,254,0.729885057471264,32990,TRUE,1.36034947256099,26.32621225
"1120040650","1050040650","0",32596.3,3.3,534,0,0,2,0,1,188763,155565110000,1120040650,1120040650,245,0.458801498127341,32596.3,TRUE,0.685417353397878,21.7599912
"1120040660","1050040660","0",31900.8,4.6,249,0,0,2,0,1,189008,1.15501e+11,1120040660,1120040660,249,1,31900.8,TRUE,34.7520833693748,4.9833333
"1120040670","1050040670","0",30515.4,70.4,477,0,0,2,0,1,189257,158301110000,1120040670,1120040670,226,0.473794549266247,30515.4,TRUE,30.1979167,22.875
"1120040690","1050040690","0",29274.4,1.2,224,0,0,2,0,1,189707,155960110000,1120040690,1120040690,221,0.986607142857143,29274.4,TRUE,9.787358175,30.32610525
"1120040720","1050040720","0",28057.5,5.5,215,0,0,2,0,1,190368,161270100010,1120040720,1120040720,215,1,28057.5,TRUE,11.0849430180469,18.67612405
"1120040730","1050040730","0",26958.6,20,206,0,0,2,0,1,190583,158620100100,1120040730,1120040730,206,1,26958.6,TRUE,25.7166654121566,27
"1120040740","1050040740","0",26608.1,1.8,396,0,0,2,0,1,190789,154603100010,1120040740,1120040740,207,0.522727272727273,26608.1,TRUE,-0.287555582957272,34.06996225
"1120040750","1050040750","0",25882.4,1.1,281,0,0,2,0,1,190996,154903101000,1120040750,1120040750,214,0.761565836298932,25882.4,TRUE,4.91875,35.42708335
"1120040760","1050040760","0",25223,220.4,227,0,0,2,0,1,191210,157211100100,1120040760,1120040760,186,0.819383259911894,25223,TRUE,11.1104685131432,25.12845495
"1120040770","1050040770","0",25136.7,60.6,189,0,0,2,0,1,191396,157260100100,1120040770,1120040770,189,1,25136.7,TRUE,14.4975098448055,25.4849189
"1120040780","1050040780","0",24791.2,23,195,0,0,2,0,1,191585,155830100100,1120040780,1120040780,195,1,24791.2,TRUE,6.83124995399162,27.6020833
"1120040790","1050040790","0",24636.2,7.1,601,0,0,2,0,1,191780,157801101000,1120040790,1120040790,184,0.306156405990017,24636.2,TRUE,20.9598614512898,30.54138305
"1120040800","1050040800","1120009450",24632.8,1.2,201,0,1,2,0,2,191964,117400110000,1120009450,1120040800,183,0.91044776119403,24632.8,TRUE,35.1765859109977,-6.0616289
"1120040810","1050040810","0",24276.1,25.6,187,0,0,2,0,1,192147,155840100000,1120040810,1120040810,187,1,24276.1,TRUE,8.03106274492618,27.52338265
"1120040820","1050040820","0",24227.6,63.5,413,0,0,2,0,1,192334,155645100000,1120040820,1120040820,185,0.447941888619855,24227.6,TRUE,1.17768933793872,26.4283798
"1120040830","1050040830","0",23262.7,13,175,0,0,2,0,1,192519,157530101000,1120040830,1120040830,175,1,23262.7,TRUE,19.7666888720839,28.4685013
"1120040840","1050040840","0",22211.5,2.2,179,0,0,2,0,1,192694,161260100000,1120040840,1120040840,179,1,22211.5,TRUE,11.6100761649339,18.1686083
"1120040850","1050040850","0",22027.9,52.2,433,0,0,2,0,1,192873,155151100000,1120040850,1120040850,168,0.387990762124711,22027.9,TRUE,-2.44575845888741,18.45625
"1120040870","1050040870","0",21076.2,39.8,759,0,0,2,0,1,193220,154108100000,1120040870,1120040870,165,0.217391304347826,21076.2,TRUE,-9.86596471797406,24.99851515
"1120040880","1050040880","0",20638.5,3.2,165,0,0,2,0,1,193385,161250100000,1120040880,1120040880,165,1,20638.5,TRUE,11.6418309283355,17.72022585
"1120040890","1050040890","0",20633.5,18,157,0,0,2,0,1,193550,155340101000,1120040890,1120040890,157,1,20633.5,TRUE,-6.52713385902002,24.66588665
"1120040900","1050040900","0",18913.8,4.4,509,0,0,2,0,1,193707,115803100000,1120040900,1120040900,148,0.290766208251473,18913.8,TRUE,40.4172728,14.03351
"1120040910","1050040910","0",18909.5,68.9,584,0,0,2,0,1,193855,155545100000,1120040910,1120040910,134,0.229452054794521,18909.5,TRUE,-1.46875001769868,24.8958333
"1120040920","1050040920","0",18650.8,1.2,437,0,0,2,0,1,193989,115602100100,1120040920,1120040920,141,0.322654462242563,18650.8,TRUE,36.9125,4.68958335
"1120040930","1050040930","0",18576.6,1.3,157,0,0,2,0,1,194130,157340101000,1120040930,1120040930,157,1,18576.6,TRUE,16.0954371764482,26.43736775
"1120040940","1050040940","0",17999.8,64.9,134,0,0,2,0,1,194287,157240100100,1120040940,1120040940,134,1,17999.8,TRUE,14.4755346431151,25.8943026
"1120040960","1050040960","0",16957.2,8.6,220,0,0,2,0,1,194552,155290110000,1120040960,1120040960,130,0.590909090909091,16957.2,TRUE,-5.00960205749054,20.7207377
"1120040970","1050040970","0",16948.8,10.5,135,0,0,2,0,1,194682,158530100100,1120040970,1120040970,135,1,16948.8,TRUE,28.2041208018173,27.32291665
"1120040980","1050040980","0",16883.1,3,191,0,0,2,0,1,194817,155820311000,1120040980,1120040980,135,0.706806282722513,16883.1,TRUE,6.48949085260666,27.32291665
"1120040990","1050040990","0",16441.2,42.6,356,0,0,2,0,1,194951,158902101000,1120040990,1120040990,131,0.367977528089888,16441.2,TRUE,27.1081777408887,29.8980655
"1120041000","1050041000","0",16397.5,19.2,316,0,0,2,0,1,195082,155261110010,1120041000,1120041000,138,0.436708860759494,16397.5,TRUE,-5.3579927010769,21.4936082
"1120041020","1050041020","0",16235.4,5.3,444,0,0,2,0,1,195349,115205101000,1120041020,1120041020,129,0.290540540540541,16235.4,TRUE,35.9731540106415,-2.5392422
"1120041030","1050041030","0",16108.5,4.1,131,0,0,2,0,1,195478,161360110100,1120041030,1120041030,128,0.977099236641221,16108.5,TRUE,12.9605690203523,20.19122295
"1120041040","1050041040","0",16066.3,49.1,370,0,0,2,0,1,195606,158401100100,1120041040,1120041040,118,0.318918918918919,16066.3,TRUE,30.5313603804169,23.4929045
"1120041050","1050041050","0",15514.7,25.3,115,0,0,2,0,1,195724,161330100100,1120041050,1120041050,115,1,15514.7,TRUE,14.0028617590915,19.2080484
"1120041070","1050041070","0",15429.6,37,151,0,0,2,0,1,195960,154730210000,1120041070,1120041070,113,0.748344370860927,15429.6,TRUE,2.93148172878155,30.4284722
"1120041080","1050041080","0",15385.8,1.6,131,0,0,2,0,1,196073,155310110100,1120041080,1120041080,114,0.870229007633588,15385.8,TRUE,-9.181161675,24.04045445
"1120041090","1050041090","0",14815.4,3.5,110,0,0,2,0,1,196187,154780100000,1120041090,1120041090,110,1,14815.4,TRUE,5.37292042053252,32.3145833
"1120041100","1050041100","0",14811.2,74.4,217,0,0,2,0,1,196297,161340111000,1120041100,1120041100,111,0.511520737327189,14811.2,TRUE,14.1040992094875,20.3236486
"1120041110","1050041110","0",14746.8,2.8,308,0,0,2,0,1,196408,155511101000,1120041110,1120041110,111,0.36038961038961,14746.8,TRUE,-4.09344994522197,20.5809262
"1120041130","1050007000","1120007000",14536.9,5.4,196,0,1,2,0,2,196633,112400011000,1120007000,1120041130,111,0.566326530612245,14536.9,TRUE,48.5165603112452,9.6015594
"1120041140","1050041140","0",14337.7,104.4,132,0,0,2,0,1,196744,154850110000,1120041140,1120041140,111,0.840909090909091,14337.7,TRUE,7.93783354070357,34.2603468
"1120041150","1050041150","0",14309.6,5.1,143,0,0,2,0,1,196855,155850110000,1120041150,1120041150,110,0.769230769230769,14309.6,TRUE,8.54375000056399,27.5791667
"1120041170","1050041170","0",14170.2,4.2,156,0,0,2,0,1,197069,157710111000,1120041170,1120041170,113,0.724358974358974,14170.2,TRUE,20.4553618275586,22.5747513
"1120041180","1050041180","0",14160.4,2.1,216,0,0,2,0,1,197182,158650810000,1120041180,1120041180,106,0.490740740740741,14160.4,TRUE,25.623142987488,29.1648711
"1120041200","1050041200","0",13935.3,3.4,165,0,0,2,0,1,197404,155440211000,1120041200,1120041200,104,0.63030303030303,13935.3,TRUE,-3.1896531155687,25.320818
"1120041210","1050041210","0",13764.6,4.9,124,0,0,2,0,1,197508,157220211000,1120041210,1120041210,112,0.903225806451613,13764.6,TRUE,13.2240076680713,26.5625
"1120041230","1050041230","0",13568.9,8.1,105,0,0,2,0,1,197723,161380110000,1120041230,1120041230,105,1,13568.9,TRUE,14.1190628760565,21.4821211
"1120041240","1050041240","0",13438.3,227.2,227,0,0,2,0,1,197828,154720111000,1120041240,1120041240,104,0.458149779735683,13438.3,TRUE,1.29683208012242,31.36679935
"1120041270","1050041270","0",13038.1,5.7,227,0,0,2,0,1,198133,115300511000,1120041270,1120041270,110,0.484581497797357,13038.1,TRUE,36.56032835,2.24253775
"1120041290","1050041290","0",12871.8,5.3,102,0,0,2,0,1,198350,115730100000,1120041290,1120041290,102,1,12871.8,TRUE,40.8874999908069,10.28871225
"1120041300","1050041300","0",12841.5,10.7,116,0,0,2,0,1,198452,158120110000,1120041300,1120041300,98,0.844827586206897,12841.5,TRUE,21.6834170231763,21.0853097
"1120041310","1050041310","0",12520.9,4.4,580,0,0,2,0,1,198550,157401101000,1120041310,1120041310,99,0.170689655172414,12520.9,TRUE,15.0216526638197,27.57970335
"1120041330","1050041330","0",12358.5,53.3,297,0,0,2,0,1,198743,155681101000,1120041330,1120041330,95,0.31986531986532,12358.5,TRUE,-0.151332886662209,28.99097225
"1120041340","1050027640","0",11931.4,40.5,268,0,0,2,0,1,198838,151150111000,1120041340,1120041340,86,0.32089552238806,11931.4,TRUE,-15.6898900605804,18.86659615
"1120041350","1050027450","0",11725.7,1.9,390,0,0,2,0,1,198924,151130110000,1120041350,1120041350,98,0.251282051282051,11725.7,TRUE,-15.3838235628768,18.09109805
"1120041370","1050041370","0",11230.9,208.9,160,0,0,2,0,1,199114,157370110000,1120041370,1120041370,83,0.51875,11230.9,TRUE,16.9507118066462,24.9412096
"1120041380","1050041380","0",11105.2,170.7,182,0,0,2,0,1,199197,155860311100,1120041380,1120041380,86,0.472527472527473,11105.2,TRUE,10.1333689139319,26.29583335
"1120041410","1050041410","0",10891.4,4,145,0,0,2,0,1,199464,155270110000,1120041410,1120041410,87,0.6,10891.4,TRUE,-8.56451920711107,20.1415597
"1120041430","1050041430","0",10605.3,24.1,697,0,0,2,0,1,199639,157108100100,1120041430,1120041430,91,0.130559540889527,10605.3,TRUE,12.6229167347784,28.41436735
"1120041450","1050041450","0",10352.9,15.5,316,0,0,2,0,1,199817,155281100100,1120041450,1120041450,86,0.272151898734177,10352.9,TRUE,-6.58750445399274,19.49791665
"1120041470","1050041470","0",10035.4,7.6,115,0,0,2,0,1,199985,158510110100,1120041470,1120041470,75,0.652173913043478,10035.4,TRUE,26.1459023569202,26.587607
"1120041490","1050041490","0",9947.6,82.8,208,0,0,2,0,1,200135,155620210000,1120041490,1120041490,70,0.336538461538462,9947.6,TRUE,-0.874923092701508,25.7104167
"1120041510","1050041510","0",9909.2,7.1,206,0,0,2,0,1,200282,155160110000,1120041510,1120041510,77,0.37378640776699,9909.2,TRUE,-2.644353451584,16.78418985
"1120041520","1050041520","0",9898.7,4.1,143,0,0,2,0,1,200359,161780110000,1120041520,1120041520,82,0.573426573426573,9898.7,TRUE,23.7291651659154,19.65165785
"1120041530","1050041530","0",9868.4,1.2,163,0,0,2,0,1,200441,157510111000,1120041530,1120041530,77,0.47239263803681,9868.4,TRUE,18.9104884939447,26.43577185
"1120041540","1050041540","0",9853,2.6,253,0,0,2,0,1,200518,155111101000,1120041540,1120041540,81,0.320158102766798,9853,TRUE,-7.90579530246706,17.7848481
"1120041550","1050041550","0",9788.9,6.6,234,0,0,2,0,1,200599,155120410000,1120041550,1120041550,76,0.324786324786325,9788.9,TRUE,-6.90827748937409,15.60954555
"1120041560","1050041560","0",9748.2,33.1,235,0,0,2,0,1,200675,161320210000,1120041560,1120041560,76,0.323404255319149,9748.2,TRUE,13.5553484507587,19.2248211
"1120041570","1050041570","0",9707.1,34,279,0,0,2,0,1,200751,155679100000,1120041570,1120041570,76,0.272401433691756,9707.1,TRUE,3.55025445285712,27.1349669
"1120041580","1050041580","0",9702.7,2.1,225,0,0,2,0,1,200827,155520110000,1120041580,1120041580,73,0.324444444444444,9702.7,TRUE,-3.53964360666564,22.43574725
"1120041590","1050041590","1121624310",9700.7,230.7,208,0,640.1,2,0,3,200900,127400110100,1120015850,1120041590,74,0.355769230769231,9700.7,TRUE,19.5019543455003,-26.19438665
"1120041620","1050041620","1120028700",9659.5,5.7,314,0,1,2,0,2,201126,151202110000,1120028700,1120041620,81,0.25796178343949,9659.5,TRUE,-12.7665429550673,24.30943855
"1120041630","1050041630","0",9535.3,64.7,119,0,0,2,0,1,201207,157320110100,1120041630,1120041630,75,0.630252100840336,9535.3,TRUE,15.2393980203169,25.9291667
"1120041640","1050041640","0",9408.1,11,100,0,0,2,0,1,201282,161220110000,1120041640,1120041640,71,0.71,9408.1,TRUE,8.83246919825599,16.40381095
"1120041650","1050041650","0",9345.2,1.2,124,0,0,2,0,1,201353,161240110100,1120041650,1120041650,74,0.596774193548387,9345.2,TRUE,11.7375,17.21041665
"1120041660","1050041660","0",9234.9,10.3,381,0,0,2,0,1,201427,155221100000,1120041660,1120041660,77,0.202099737532808,9234.9,TRUE,-12.0599657944482,21.11734655
"1120041690","1050041690","0",9121.8,99,216,0,0,2,0,1,201642,155370110000,1120041690,1120041690,76,0.351851851851852,9121.8,TRUE,-6.00821351897004,23.0451014
"1120041710","1050041710","0",9007.8,1.5,193,0,0,2,0,1,201791,161390210010,1120041710,1120041710,67,0.347150259067358,9007.8,TRUE,14.360710076071,21.8056684
"1120041740","1050041740","0",8798.1,105,292,0,0,2,0,1,202001,155552010100,1120041740,1120041740,77,0.263698630136986,8798.1,TRUE,-1.60837769591192,21.0982956
"1120041760","1050041760","0",8785.7,13.9,277,0,0,2,0,1,202148,155241010010,1120041760,1120041760,75,0.270758122743682,8785.7,TRUE,-9.18972372242013,21.4802342
"1120041770","1050041770","0",8783.6,1.1,71,0,0,2,0,1,202223,117000010100,1120041770,1120041770,71,1,8783.6,TRUE,35.7100204414955,-15.29596555
"1120041790","1050041790","0",8483.6,5.5,174,0,0,2,0,1,202361,155230210000,1120041790,1120041790,69,0.396551724137931,8483.6,TRUE,-8.75211064529653,22.2279382
"1120041800","1050041800","0",8447.9,2.6,121,0,0,2,0,1,202430,157570110000,1120041800,1120041800,68,0.56198347107438,8447.9,TRUE,19.6999611636632,29.77170445
"1120041820","1050041820","0",8384.9,77.5,105,0,0,2,0,1,202559,154760210000,1120041820,1120041820,59,0.561904761904762,8384.9,TRUE,4.68976219947773,31.27328725
"1120041850","1050041850","0",8325,57.3,68,0,0,2,0,1,202756,158230110100,1120041850,1120041850,56,0.823529411764706,8325,TRUE,27.8231261861656,23.3
"1120041860","1050041860","0",8254.2,41.1,109,0,0,2,0,1,202812,161730110010,1120041860,1120041860,64,0.587155963302752,8254.2,TRUE,21.5379062332361,18.67834015
"1120041870","1050041870","0",8248.8,77,77,0,0,2,0,1,202876,161760011100,1120041870,1120041870,75,0.974025974025974,8248.8,TRUE,23.4556175451746,21.13235625
"1120041880","1050041880","0",8238.1,36.8,209,0,0,2,0,1,202951,155250111000,1120041880,1120041880,66,0.315789473684211,8238.1,TRUE,-7.56348797234634,21.1
"1120041900","1050041900","0",8214.1,3.4,261,0,0,2,0,1,203079,155412010000,1120041900,1120041900,63,0.241379310344828,8214.1,TRUE,-5.40190665,27.3446211
"1120041910","1050041910","0",8138.9,132.8,121,0,0,2,0,1,203142,157520110100,1120041910,1120041910,57,0.471074380165289,8138.9,TRUE,19.4249457817035,28.70306145
"1120041970","1050041970","0",7924.5,85.1,73,0,0,2,0,1,203507,154510111000,1120041970,1120041970,61,0.835616438356164,7924.5,TRUE,-2.1290727830423,29.5492681
"1120041990","1050041990","0",7898.6,95.1,118,0,0,2,0,1,203627,155720610000,1120041990,1120041990,54,0.457627118644068,7898.6,TRUE,4.32379725919722,30.48812135
"1120042010","1050042010","0",7810.2,2.4,181,0,0,2,0,1,203745,155970110100,1120042010,1120042010,60,0.331491712707182,7810.2,TRUE,8.87886769344165,29.84618755
"1120042020","1050042020","0",7772.3,5,136,0,0,2,0,1,203805,158680210100,1120042020,1120042020,59,0.433823529411765,7772.3,TRUE,24.8480422599724,29.62696225
"1120042040","1050042040","0",7730.7,234.2,59,0,0,2,0,1,203923,155350010100,1120042040,1120042040,59,1,7730.7,TRUE,-6.01559927252361,25.15948805
"1120042050","1050042050","0",7669.1,230.5,199,0,0,2,0,1,203982,155380110000,1120042050,1120042050,58,0.291457286432161,7669.1,TRUE,-5.116325182671,22.8487725
"1120042060","1050042060","0",7583.5,2.1,638,0,0,2,0,1,204040,158802310000,1120042060,1120042060,67,0.105015673981191,7583.5,TRUE,30.61666665,25.31875
"1120042070","1050042070","0",7565.1,18.7,80,0,0,2,0,1,204107,161630110100,1120042070,1120042070,58,0.725,7565.1,TRUE,18.816661879724,18.8375
"1120042080","1050042080","0",7538.5,82.1,135,0,0,2,0,1,204165,154740410100,1120042080,1120042080,60,0.444444444444444,7538.5,TRUE,2.31979164358403,32.24583335
"1120042090","1050042090","0",7524.8,5.1,115,0,0,2,0,1,204225,158560110000,1120042090,1120042090,63,0.547826086956522,7524.8,TRUE,28.5792086244883,25.912393
"1120042100","1050042100","0",7463.1,1.3,123,0,0,2,0,1,204288,155320110000,1120042100,1120042100,61,0.495934959349593,7463.1,TRUE,-8.98064085,23.5782956
"1120042150","1050042150","0",7259.7,166,468,0,0,2,0,1,204574,128005110100,1120042150,1120042150,60,0.128205128205128,7259.7,TRUE,15.4675333478512,-26.24165065
"1120042160","1050042160","0",7255.3,29.7,93,0,0,2,0,1,204634,157720110000,1120042160,1120042160,57,0.612903225806452,7255.3,TRUE,21.2350894790289,23.31941925
"1120042190","1050042190","0",7204.6,96,105,0,0,2,0,1,204799,155940410100,1120042190,1120042190,50,0.476190476190476,7204.6,TRUE,9.89559668916541,30.7688136
"1120042230","1050042230","0",7134.8,1.4,114,0,0,2,0,1,205015,161230110000,1120042230,1120042230,64,0.56140350877193,7134.8,TRUE,11.985660527439,16.15954555
"1120042240","1050042240","0",7097.3,1,123,0,0,2,0,1,205079,154770210010,1120042240,1120042240,57,0.463414634146341,7097.3,TRUE,4.766578325,31.45954555
"1120042260","1050042260","0",7034,2.9,216,0,0,2,0,1,205190,161370110100,1120042260,1120042260,49,0.226851851851852,7034,TRUE,14.0728130541159,20.9146903
"1120042340","1050042340","0",6824.7,58.5,274,0,0,2,0,1,205608,154401021000,1120042340,1120042340,54,0.197080291970803,6824.7,TRUE,-3.26441262567306,28.97755735
"1120042350","1050042350","0",6804.2,2.9,112,0,0,2,0,1,205662,161740111000,1120042350,1120042350,52,0.464285714285714,6804.2,TRUE,20.8579063953652,19.47040785
"1120042410","1050042410","0",6719.7,47.1,602,0,0,2,0,1,205987,158701110000,1120042410,1120042410,51,0.0847176079734219,6719.7,TRUE,26.3353453105221,27.93024675
"1120042420","1050042420","0",6697.2,3.6,220,0,0,2,0,1,206038,155390110000,1120042420,1120042420,59,0.268181818181818,6697.2,TRUE,-5.42501204519473,24.56247085
"1120042490","1050042490","0",6554.7,63.7,76,0,0,2,0,1,206403,157730110000,1120042490,1120042490,52,0.684210526315789,6554.7,TRUE,22.491804783878,25.13363915
"1120042500","1050042500","0",6537.3,63.4,143,0,0,2,0,1,206455,157360810000,1120042500,1120042500,55,0.384615384615385,6537.3,TRUE,15.2938593697936,24.1401474
"1120042550","1050042550","0",6388.6,82,156,0,0,2,0,1,206707,155980110110,1120042550,1120042550,54,0.346153846153846,6388.6,TRUE,7.51123860396481,29.13333335
"1120042590","1050042590","0",6217.7,53.9,61,0,0,2,0,1,206919,157330011100,1120042590,1120042590,51,0.836065573770492,6217.7,TRUE,15.783577642291,26.38628775
"1120042600","1050042600","0",6188.3,5.8,51,0,0,2,0,1,206970,162030010000,1120042600,1120042600,51,1,6188.3,TRUE,16.6464379280902,13.1676999
"1120042610","1050042610","0",6181.5,10.9,75,0,0,2,0,1,207021,157560110000,1120042610,1120042610,51,0.68,6181.5,TRUE,19.2518421949197,29.30878315
"1120042660","1050042660","0",6115.2,9.2,48,0,0,2,0,1,207260,157250010000,1120042660,1120042660,48,1,6115.2,TRUE,14.9605198366839,26.1444819
"1120042670","1050042670","0",5991.6,41.1,245,0,0,2,0,1,207308,155426010100,1120042670,1120042670,48,0.195918367346939,5991.6,TRUE,-2.26421684616773,28.11531525
"1120042690","1050042690","0",5981.5,10.6,121,0,0,2,0,1,207408,157590110100,1120042690,1120042690,47,0.388429752066116,5981.5,TRUE,20.7311946965649,29.7396903
"1120042700","1050042700","0",5964.2,1.1,135,0,0,2,0,1,207455,154240110000,1120042700,1120042700,47,0.348148148148148,5964.2,TRUE,-8.54583335,26.86041665
"1120042750","1050042750","1120571730",5788.4,6.1,46,0,147.2,2,0,2,207688,146300010010,1120027410,1120042750,46,1,5788.4,TRUE,-13.997570351619,17.1196211
"1120042790","1050042790","0",5728.9,17.3,270,0,0,2,0,1,207869,155535010000,1120042790,1120042790,50,0.185185185185185,5728.9,TRUE,-2.78159783340358,22.60028365
"1120042820","1050042820","0",5657.1,10.5,146,0,0,2,0,1,208010,155870510000,1120042820,1120042820,44,0.301369863013699,5657.1,TRUE,7.62076375960295,28.2760032
"1120042830","1050042830","0",5639.6,2.5,135,0,0,2,0,1,208054,158570210100,1120042830,1120042830,46,0.340740740740741,5639.6,TRUE,29.29018945,25.51232335
"1120042840","1050042840","0",5621.1,13.2,108,0,0,2,0,1,208100,159050210100,1120042840,1120042840,46,0.425925925925926,5621.1,TRUE,26.3020254479472,19.4927793
"1120042860","1050042860","0",5539.3,86.1,101,0,0,2,0,1,208189,154790111100,1120042860,1120042860,39,0.386138613861386,5539.3,TRUE,5.26557702014905,32.78009525
"1120042900","1050042900","0",5474.9,80.6,113,0,0,2,0,1,208352,161770110000,1120042900,1120042900,42,0.371681415929204,5474.9,TRUE,22.6050564824589,19.8576014
"1120042910","1050042910","0",5366.8,4.4,175,0,0,2,0,1,208394,154230810000,1120042910,1120042910,38,0.217142857142857,5366.8,TRUE,-4.54356469375681,28.5041667
"1120042920","1050042920","0",5346.1,4,70,0,0,2,0,1,208432,154750031000,1120042920,1120042920,42,0.6,5346.1,TRUE,2.90136943130624,32.421875
"1120042940","1050042940","0",5302.3,3.5,96,0,0,2,0,1,208514,154220211000,1120042940,1120042940,44,0.458333333333333,5302.3,TRUE,-6.4521008017606,27.47287445
"1120042970","1050042970","0",5247.6,1,115,0,0,2,0,1,208640,155430410100,1120042970,1120042970,39,0.339130434782609,5247.6,TRUE,-4.76864885479229,25.1974912
"1120042980","1050042980","0",5188.3,27.2,152,0,0,2,0,1,208679,154260410000,1120042980,1120042980,42,0.276315789473684,5188.3,TRUE,-7.17046675293568,26.33712975
"1120043030","1050043030","0",5157.6,2.1,59,0,0,2,0,1,208890,112060011000,1120043030,1120043030,38,0.644067796610169,5157.6,TRUE,47.05416665,3.67708335
"1120043060","1050043060","0",5116.8,63.8,41,0,0,2,0,1,209010,154820011100,1120043060,1120043060,40,0.975609756097561,5116.8,TRUE,5.39974942797808,33.3806718
"1120043070","1050043070","0",5106.7,254.3,101,0,0,2,0,1,209050,157380311100,1120043070,1120043070,37,0.366336633663366,5106.7,TRUE,16.9172056274645,25.13829565
"1120043090","1050043090","0",5079,63.7,169,0,0,2,0,1,209130,155880210000,1120043090,1120043090,39,0.230769230769231,5079,TRUE,8.339426284833,28.0203393
"1120043160","1050043160","0",4871.5,106.2,105,0,0,2,0,1,209398,155930310100,1120043160,1120043160,37,0.352380952380952,4871.5,TRUE,9.60011023848075,31.57701975
"1120043250","1050043250","0",4724,109.4,193,0,0,2,0,1,209740,155480310100,1120043250,1120043250,33,0.170984455958549,4724,TRUE,-0.60892075097571,27.47862995
"1120043290","1050043290","0",4656.2,8.8,76,0,0,2,0,1,209883,157540110010,1120043290,1120043290,40,0.526315789473684,4656.2,TRUE,20.4210494811006,27.9490219
"1120043300","1050043300","0",4644.7,27,282,0,0,2,0,1,209923,155211010100,1120043300,1120043300,34,0.120567375886525,4644.7,TRUE,-10.7938294365371,23.2310954
"1120043330","1050043330","0",4630.2,9.4,48,0,0,2,0,1,210028,158640011010,1120043330,1120043330,41,0.854166666666667,4630.2,TRUE,24.67291665,26.6041667
"1120043350","1050043350","0",4607.2,4.5,107,0,0,2,0,1,210111,154250310000,1120043350,1120043350,42,0.392523364485981,4607.2,TRUE,-6.8507919948352,27.08730875
"1120043370","1050043370","0",4581.9,3.4,338,0,0,2,0,1,210185,155461110000,1120043370,1120043370,38,0.112426035502959,4581.9,TRUE,-3.11874299787133,25.4078877
"1120043380","1050043380","0",4565.5,25.1,142,0,0,2,0,1,210223,158520210000,1120043380,1120043380,36,0.253521126760563,4565.5,TRUE,26.6207505892151,27.17300475
"1120043420","1050043420","0",4512,33.9,231,0,0,2,0,1,210361,158146011000,1120043420,1120043420,34,0.147186147186147,4512,TRUE,24.6115358409644,23.73368775
"1120043490","1050043490","0",4309.2,43.5,139,0,0,2,0,1,210603,158550110000,1120043490,1120043490,34,0.244604316546763,4309.2,TRUE,26.5908556843416,25.9326014
"1120043540","1050043540","0",4255.7,62.5,104,0,0,2,0,1,210767,158670510000,1120043540,1120043540,29,0.278846153846154,4255.7,TRUE,25.9333342897591,29.25
"1120043570","1050043570","0",4240.1,1.8,81,0,0,2,0,1,210867,161750110000,1120043570,1120043570,35,0.432098765432099,4240.1,TRUE,21.9564749,20.06008605
"1120043580","1050043580","0",4230.6,3.6,53,0,0,2,0,1,210902,157790011000,1120043580,1120043580,34,0.641509433962264,4230.6,TRUE,22.664525055156,29.78541665
"1120043700","1050043700","0",4129.3,5.9,95,0,0,2,0,1,211313,155920110000,1120043700,1120043700,34,0.357894736842105,4129.3,TRUE,9.277598538067,33.33039425
"1120043720","1050043720","0",4080.4,7.7,80,0,0,2,0,1,211386,158690110000,1120043720,1120043720,32,0.4,4080.4,TRUE,24.0167319594012,31.3138514
"1120043890","1050043890","0",3955.1,54.7,121,0,0,2,0,1,211920,155330311000,1120043890,1120043890,31,0.256198347107438,3955.1,TRUE,-7.4580630696226,23.97695615
"1120044010","1050044010","0",3817.7,7,101,0,0,2,0,1,212292,157390410000,1120044010,1120044010,27,0.267326732673267,3817.7,TRUE,17.6687249753701,25.44878775
"1120044080","1050044080","0",3728.6,10.3,69,0,0,2,0,1,212493,158540011100,1120044080,1120044080,32,0.463768115942029,3728.6,TRUE,29.1204683716623,26.2393346
"1120044120","1050044120","0",3695.8,3.4,75,0,0,2,0,1,212612,157580510000,1120044120,1120044120,31,0.413333333333333,3695.8,TRUE,20.1145716483545,29.19572635
"1120044150","1050044150","0",3674.1,5.7,122,0,0,2,0,1,212703,161310410000,1120044150,1120044150,34,0.278688524590164,3674.1,TRUE,12.1687524918454,19.15833375
"1120044270","1050044270","0",3537.3,59.4,113,0,0,2,0,1,213051,155790110000,1120044270,1120044270,27,0.238938053097345,3537.3,TRUE,5.6542482194645,28.51875
"1120044290","1050044290","0",3500.1,4.2,98,0,0,2,0,1,213102,161620210000,1120044290,1120044290,28,0.285714285714286,3500.1,TRUE,19.4398779572333,19.17251185
"1120044300","1050044300","0",3486.5,96.3,60,0,0,2,0,1,213130,155740011000,1120044300,1120044300,28,0.466666666666667,3486.5,TRUE,5.7908345357532,32.5708333
"1120044320","1050044320","0",3485.3,67.3,93,0,0,2,0,1,213188,158580210000,1120044320,1120044320,27,0.290322580645161,3485.3,TRUE,27.2896156994513,24.76666665
"1120044340","1050044340","0",3456.7,79.7,85,0,0,2,0,1,213245,155710110010,1120044340,1120044340,29,0.341176470588235,3456.7,TRUE,2.09186753132405,29.28125
"1120044410","1050044410","0",3331.8,5.7,56,0,0,2,0,1,213441,112050011000,1120044410,1120044410,27,0.482142857142857,3331.8,TRUE,47.2075286930278,4.9289325
"1120044420","1050044420","0",3315.8,185.1,127,0,0,2,0,1,213468,161640110000,1120044420,1120044420,25,0.196850393700787,3315.8,TRUE,18.5709118397071,18.52242805
"1120044430","1050044430","0",3315.4,1.5,56,0,0,2,0,1,213493,161670051010,1120044430,1120044430,26,0.464285714285714,3315.4,TRUE,20.6061941490631,18.49375
"1120044470","1050044470","0",3287.1,3.4,94,0,0,2,0,1,213599,159030211000,1120044470,1120044470,32,0.340425531914894,3287.1,TRUE,26.6219357825364,18.1788361
"1120044480","1050044480","0",3264.9,1.8,90,0,0,2,0,1,213631,157550410000,1120044480,1120044480,26,0.288888888888889,3264.9,TRUE,19.0041640264859,28.8245746
"1120044520","1050044520","0",3227.2,19.5,113,0,0,2,0,1,213737,155780410010,1120044520,1120044520,24,0.212389380530973,3227.2,TRUE,4.5395705939214,27.80831715
"1120044540","1050044540","0",3225.7,9.6,139,0,0,2,0,1,213787,115900210000,1120044540,1120044540,23,0.165467625899281,3225.7,TRUE,41.6819174606268,12.1330992
"1120044560","1050044560","0",3183.6,4.8,32,0,0,2,0,1,213835,115740011000,1120044560,1120044560,27,0.84375,3183.6,TRUE,41.187789246917,10.8978141
"1120044610","1050044610","0",3147,61.8,286,0,0,2,0,1,213958,155175110000,1120044610,1120044610,28,0.0979020979020979,3147,TRUE,-1.00034274760145,19.711942
"1120044850","1050044850","0",2942.9,35.5,150,0,0,2,0,1,214529,155950210000,1120044850,1120044850,22,0.146666666666667,2942.9,TRUE,11.8458751517312,31.2229356
"1120044910","1050044910","0",2899.3,1.7,137,0,0,2,0,1,214662,155360210000,1120044910,1120044910,25,0.182481751824818,2899.3,TRUE,-7.70835768636628,23.13115525
"1120044980","1050044980","0",2831.1,96.8,80,0,0,2,0,1,214826,159040310000,1120044980,1120044980,21,0.2625,2831.1,TRUE,25.8835642689779,19.22571335
"1120045010","1050045010","0",2768.9,42.3,30,0,0,2,0,1,214896,161720011000,1120045010,1120045010,22,0.733333333333333,2768.9,TRUE,24.0686739128929,18.55771535
"1120045170","1050045170","0",2668.6,4.5,112,0,0,2,0,1,215264,154710501010,1120045170,1120045170,20,0.178571428571429,2668.6,TRUE,1.08096634116431,31.29889475
"1120045390","1050045390","0",2544.3,161.2,54,0,0,2,0,1,215712,157350011100,1120045390,1120045390,19,0.351851851851852,2544.3,TRUE,14.8454202350034,24.29537795
"1120045460","1050045460","0",2518.5,1.9,82,0,0,2,0,1,215850,126000101100,1120045460,1120045460,16,0.195121951219512,2518.5,TRUE,19.091060525,-30.22934335
"1120046130","1050046130","0",2172.8,1.4,37,0,0,2,0,1,217104,115750011000,1120046130,1120046130,22,0.594594594594595,2172.8,TRUE,40.9497027601003,12.01832465
"1120046210","1050046210","0",2150.6,84.2,47,0,0,2,0,1,217252,155770051000,1120046210,1120046210,13,0.276595744680851,2150.6,TRUE,7.24359858382612,28.98111775
"1120046220","1050046220","0",2150,1.9,179,0,0,2,0,1,217265,155470701100,1120046220,1120046220,20,0.111731843575419,2150,TRUE,-2.04808479927723,24.70208335
"1120046410","1050046410","0",2045.4,96.5,55,0,0,2,0,1,217579,161650031100,1120046410,1120046410,18,0.327272727272727,2045.4,TRUE,19.3740721637351,17.9872974
"1120046430","1050046430","0",2041.8,160,15,0,0,2,0,1,217612,154840001000,1120046430,1120046430,15,1,2041.8,TRUE,5.40486467298196,34.83347505
"1120046540","1050046540","0",2001.4,1.1,27,0,0,2,0,1,217791,161350011000,1120046540,1120046540,14,0.518518518518518,2001.4,TRUE,12.46875,20.78125
"1120046550","1050046550","0",2001,1.9,17,0,0,2,0,1,217805,157780001100,1120046550,1120046550,16,0.941176470588235,2001,TRUE,23.3702419527078,29.6968114
"1120046700","1050046700","0",1951,67.3,15,0,0,2,0,1,218040,112070001000,1120046700,1120046700,15,1,1951,TRUE,46.2353944019121,3.50208335
"1120046820","1050046820","0",1896.2,12.1,156,0,0,2,0,1,218224,155450111000,1120046820,1120046820,15,0.0961538461538462,1896.2,TRUE,-4.27073448716387,24.7274977
"1120046870","1050046870","0",1887.5,21.9,69,0,0,2,0,1,218295,157740801000,1120046870,1120046870,15,0.217391304347826,1887.5,TRUE,22.839411073681,24.972808
"1120047030","1050047030","0",1848.7,64,39,0,0,2,0,1,218533,161680011000,1120047030,1120047030,16,0.41025641025641,1848.7,TRUE,20.5832782318838,19.0357788
"1120047600","1050047600","0",1667,1.7,13,0,0,2,0,1,219320,154530001000,1120047600,1120047600,13,1,1667,TRUE,-1.69579893756709,32.78628775
"1120047790","1050047790","0",1614.2,149.8,15,0,0,2,0,1,219564,112020001000,1120047790,1120047790,15,1,1614.2,TRUE,45.8487396131012,8.6258162
"1120047900","1050047900","0",1574.5,158.7,62,0,0,2,0,1,219708,161660031000,1120047900,1120047900,13,0.209677419354839,1574.5,TRUE,20.2647897373007,18.04268245
"1120048630","1050048630","0",1408.2,121,11,0,0,2,0,1,220569,158250001000,1120048630,1120048630,11,1,1408.2,TRUE,30.2633900693726,23.56666665
"1120048790","1050048790","0",1380.1,26.5,101,0,0,2,0,1,220749,158590401100,1120048790,1120048790,12,0.118811881188119,1380.1,TRUE,28.2938508455939,24.15822635
"1120049660","1050049660","0",1203.6,7,34,0,0,2,0,1,221643,158220021000,1120049660,1120049660,11,0.323529411764706,1203.6,TRUE,27.2207757766693,23.09141795
"1120049710","1050049710","0",1193.2,71.5,19,0,0,2,0,1,221687,155580001100,1120049710,1120049710,9,0.473684210526316,1193.2,TRUE,1.03351475411027,22.0797194
"1120049870","1050049870","0",1166.1,7.6,26,0,0,2,0,1,221838,158610011000,1120049870,1120049870,9,0.346153846153846,1166.1,TRUE,25.6666667,23.70625
"1120049900","1050049900","0",1163.3,1,25,0,0,2,0,1,221865,158130011000,1120049900,1120049900,8,0.32,1163.3,TRUE,22.387410475,23.85293825
"1120052130","1050052130","1121515780",842.6,103,9,0,498.3,2,0,3,223636,129400001110,1120040200,1120052130,6,0.666666666666667,842.6,TRUE,22.7635335081042,-20.6875024
"1120053070","1050012550","0",756.6,4.6,27,0,0,2,0,1,224237,123090002110,1120053070,1120053070,6,0.222222222222222,756.6,TRUE,34.2303842261411,-24.7166667
"1120053600","1050053600","0",717,131.4,21,0,0,2,0,1,224556,161100002110,1120053600,1120053600,5,0.238095238095238,717,TRUE,9.09356466142686,24.1458333
"1120053710","1050053710","0",710.7,7.5,7,0,0,2,0,1,224622,158150001100,1120053710,1120053710,6,0.857142857142857,710.7,TRUE,23.8615352171125,25.5624315
"1120054170","1050054170","0",663,5.3,5,0,0,2,0,1,224877,158240000100,1120054170,1120054170,5,1,663,TRUE,29.6290834704613,23.51447635
"1120054740","1050054740","0",627.1,13,11,0,0,2,0,1,225164,157760001100,1120054740,1120054740,6,0.545454545454545,627.1,TRUE,23.6365017428618,25.89110885
"1120054840","1050054840","0",620.6,185.1,19,0,0,2,0,1,225215,112030001100,1120054840,1120054840,4,0.210526315789474,620.6,TRUE,48.3437448969423,7.8067844
"1120057260","1050057260","0",484.4,48.1,4,0,0,2,0,1,226248,158660000100,1120057260,1120057260,4,1,484.4,TRUE,23.8212686244337,29.5784674
"1120059920","1050059920","0",369.9,120.6,9,0,0,2,0,1,227113,154830001100,1120059920,1120059920,2,0.222222222222222,369.9,TRUE,4.21726955577088,33.81521465
"1120065100","1050065100","0",242,242,2,0,0,2,0,1,228269,157770000100,1120065100,1120065100,1,0.5,242,TRUE,24.0333010287627,26.4820146
"1120076070","1050076070","0",78.6,78.5,4,0,0,2,0,1,229374,115720000010,1120076070,1120076070,1,0.25,78.6,TRUE,39.0300826900794,8.22502525
